Step,Value
0,1.0
1,55.0
2,0.0
3,115.0
4,0.0
5,98.0
6,48.0
7,0.0
8,96.0
9,41.0
10,36.0
11,23.0
12,36.0
13,10.0
14,0.0
15,3.0
16,0.0
17,35.0
18,0.0
19,37.0
20,0.0
21,0.0
22,84.0
23,0.0
24,0.0
25,0.0
26,0.0
27,80.0
28,51.0
29,0.0
30,35.0
31,30.0
32,0.0
33,122.0
34,70.0
35,63.0
36,0.0
37,0.0
38,0.0
39,138.0
40,104.0
41,126.0
42,174.0
43,124.0
44,94.0
45,107.0
46,119.0
47,75.0
48,111.0
49,85.0
50,81.0
51,107.0
52,99.0
53,0.0
54,184.0
55,97.0
56,45.0
57,0.0
58,155.0
59,96.0
60,56.0
61,0.0
62,34.0
63,43.0
64,30.0
65,0.0
66,0.0
67,53.0
68,23.0
69,14.0
70,13.0
71,13.0
72,0.0
73,0.0
74,0.0
75,14.0
76,0.0
77,61.0
78,27.0
79,26.0
80,0.0
81,0.0
82,0.0
83,0.0
84,37.0
85,0.0
86,36.0
87,40.0
88,77.0
89,56.0
90,44.0
91,47.0
92,41.0
93,0.0
94,114.0
95,79.0
96,73.0
97,72.0
98,57.0
99,52.0
100,81.0
101,66.0
102,0.0
103,69.0
104,26.0
105,27.0
106,31.0
107,30.0
108,44.0
109,0.0
110,33.0
111,51.0
112,20.0
113,30.0
114,30.0
115,0.0
116,0.0
117,46.0
118,29.0
119,50.0
120,47.0
121,47.0
122,52.0
123,64.0
124,42.0
125,40.0
126,0.0
127,0.0
128,0.0
129,96.0
130,66.0
131,64.0
132,58.0
133,0.0
134,118.0
135,51.0
136,45.0
137,46.0
138,70.0
139,39.0
140,42.0
141,26.0
142,22.0
143,18.0
144,37.0
145,23.0
146,0.0
147,30.0
148,43.0
149,34.0
150,19.0
151,35.0
152,35.0
153,18.0
154,24.0
155,0.0
156,24.0
157,23.0
158,14.0
159,20.0
160,47.0
161,31.0
162,43.0
163,40.0
164,46.0
165,50.0
166,79.0
167,57.0
168,62.0
169,87.0
170,101.0
171,74.0
172,116.0
173,69.0
174,66.0
175,40.0
176,44.0
177,70.0
178,44.0
179,44.0
180,33.0
181,34.0
182,29.0
183,20.0
184,10.0
185,0.0
186,0.0
187,49.0
188,0.0
189,47.0
190,0.0
191,0.0
192,0.0
193,0.0
194,0.0
195,0.0
196,0.0
197,0.0
198,0.0
199,0.0
200,0.0
201,0.0
202,0.0
203,0.0
204,90.0
205,74.0
206,85.0
207,60.0
208,55.0
209,48.0
210,44.0
211,51.0
212,47.0
213,37.0
214,31.0
215,20.0
216,34.0
217,34.0
218,44.0
219,42.0
220,39.0
221,44.0
222,49.0
223,47.0
224,60.0
225,51.0
226,54.0
227,68.0
228,58.0
229,50.0
230,71.0
231,52.0
232,40.0
233,46.0
234,63.0
235,52.0
236,57.0
237,86.0
238,60.0
239,68.0
240,71.0
241,66.0
242,78.0
243,52.0
244,47.0
245,50.0
246,57.0
247,42.0
248,48.0
249,36.0
250,19.0
251,27.0
252,20.0
253,15.0
254,14.0
255,18.0
256,26.0
257,33.0
258,28.0
259,35.0
260,33.0
261,61.0
262,54.0
263,46.0
264,39.0
265,32.0
266,42.0
267,29.0
268,37.0
269,52.0
270,35.0
271,40.0
272,56.0
273,48.0
274,49.0
275,29.0
276,23.0
277,27.0
278,15.0
279,14.0
280,8.0
281,16.0
282,14.0
283,14.0
284,8.0
285,12.0
286,18.0
287,15.0
288,15.0
289,20.0
290,25.0
291,25.0
292,37.0
293,46.0
294,46.0
295,28.0
296,33.0
297,32.0
298,38.0
299,39.0
300,36.0
301,34.0
302,37.0
303,45.0
304,62.0
305,54.0
306,39.0
307,40.0
308,48.0
309,44.0
310,50.0
311,31.0
312,36.0
313,59.0
314,48.0
315,57.0
316,69.0
317,62.0
318,52.0
319,43.0
320,23.0
321,17.0
322,30.0
323,22.0
324,23.0
325,13.0
326,14.0
327,14.0
328,24.0
329,19.0
330,21.0
331,44.0
332,41.0
333,34.0
334,40.0
335,42.0
336,53.0
337,57.0
338,49.0
339,51.0
340,42.0
341,56.0
342,82.0
343,49.0
344,62.0
345,93.0
346,103.0
347,74.0
348,81.0
349,59.0
350,53.0
351,54.0
352,41.0
353,47.0
354,52.0
355,44.0
356,32.0
357,40.0
358,36.0
359,42.0
360,37.0
361,39.0
362,58.0
363,55.0
364,52.0
365,26.0
366,29.0
367,30.0
368,31.0
369,56.0
370,52.0
371,28.0
372,38.0
373,35.0
374,40.0
375,37.0
376,45.0
377,24.0
378,24.0
379,34.0
380,21.0
381,37.0
382,28.0
383,19.0
384,15.0
385,25.0
386,28.0
387,24.0
388,30.0
389,12.0
390,18.0
391,11.0
392,13.0
393,19.0
394,24.0
395,19.0
396,34.0
397,19.0
398,23.0
399,22.0
400,39.0
401,33.0
402,42.0
403,36.0
404,63.0
405,56.0
406,56.0
407,46.0
408,41.0
409,28.0
410,28.0
411,28.0
412,40.0
413,21.0
414,32.0
415,25.0
416,29.0
417,26.0
418,18.0
419,21.0
420,30.0
421,27.0
422,29.0
423,32.0
424,27.0
425,29.0
426,28.0
427,31.0
428,23.0
429,41.0
430,36.0
431,36.0
432,32.0
433,45.0
434,49.0
435,53.0
436,48.0
437,63.0
438,50.0
439,51.0
440,69.0
441,45.0
442,38.0
443,56.0
444,42.0
445,34.0
446,29.0
447,25.0
448,26.0
449,29.0
450,28.0
451,27.0
452,27.0
453,35.0
454,31.0
455,26.0
456,52.0
457,44.0
458,65.0
459,86.0
460,65.0
461,80.0
462,100.0
463,97.0
464,94.0
465,77.0
466,100.0
467,83.0
468,50.0
469,49.0
470,69.0
471,65.0
472,63.0
473,32.0
474,31.0
475,12.0
476,23.0
477,19.0
478,15.0
479,12.0
480,25.0
481,22.0
482,13.0
483,8.0
484,18.0
485,10.0
486,21.0
487,19.0
488,13.0
489,14.0
490,17.0
491,22.0
492,18.0
493,30.0
494,28.0
495,27.0
496,21.0
497,8.0
498,18.0
499,26.0
500,19.0
501,26.0
502,34.0
503,28.0
504,30.0
505,34.0
506,24.0
507,32.0
508,49.0
509,42.0
510,44.0
511,30.0
512,42.0
513,61.0
514,60.0
515,61.0
516,47.0
517,39.0
518,34.0
519,34.0
520,42.0
521,49.0
522,55.0
523,60.0
524,69.0
525,69.0
526,56.0
527,55.0
528,51.0
529,32.0
530,43.0
531,39.0
532,31.0
533,27.0
534,22.0
535,39.0
536,40.0
537,27.0
538,27.0
539,21.0
540,21.0
541,25.0
542,31.0
543,25.0
544,20.0
545,25.0
546,16.0
547,13.0
548,17.0
549,17.0
550,21.0
551,26.0
552,32.0
553,40.0
554,48.0
555,47.0
556,48.0
557,56.0
558,54.0
559,46.0
560,30.0
561,44.0
562,53.0
563,43.0
564,48.0
565,31.0
566,50.0
567,29.0
568,35.0
569,41.0
570,31.0
571,62.0
572,50.0
573,43.0
574,44.0
575,46.0
576,36.0
577,33.0
578,46.0
579,39.0
580,39.0
581,28.0
582,30.0
583,34.0
584,26.0
585,36.0
586,38.0
587,22.0
588,31.0
589,51.0
590,42.0
591,36.0
592,38.0
593,36.0
594,48.0
595,57.0
596,36.0
597,45.0
598,43.0
599,31.0
600,47.0
601,34.0
602,39.0
603,30.0
604,35.0
605,36.0
606,20.0
607,21.0
608,28.0
609,14.0
610,11.0
611,34.0
612,28.0
613,38.0
614,36.0
615,27.0
616,32.0
617,28.0
618,39.0
619,42.0
620,44.0
621,45.0
622,31.0
623,44.0
624,32.0
625,19.0
626,22.0
627,35.0
628,31.0
629,39.0
630,27.0
631,27.0
632,36.0
633,40.0
634,23.0
635,29.0
636,28.0
637,34.0
638,37.0
639,31.0
640,24.0
641,17.0
642,16.0
643,19.0
644,21.0
645,30.0
646,36.0
647,39.0
648,35.0
649,50.0
650,43.0
651,47.0
652,46.0
653,38.0
654,39.0
655,36.0
656,32.0
657,24.0
658,43.0
659,48.0
660,60.0
661,75.0
662,60.0
663,38.0
664,43.0
665,54.0
666,34.0
667,23.0
668,32.0
669,20.0
670,27.0
671,26.0
672,37.0
673,28.0
674,38.0
675,39.0
676,31.0
677,34.0
678,22.0
679,43.0
680,39.0
681,33.0
682,34.0
683,31.0
684,26.0
685,27.0
686,36.0
687,38.0
688,52.0
689,34.0
690,48.0
691,40.0
692,38.0
693,42.0
694,45.0
695,55.0
696,62.0
697,59.0
698,48.0
699,39.0
700,39.0
701,34.0
702,35.0
703,54.0
704,69.0
705,34.0
706,57.0
707,50.0
708,28.0
709,37.0
710,17.0
711,29.0
712,26.0
713,33.0
714,17.0
715,23.0
716,24.0
717,23.0
718,11.0
719,23.0
720,23.0
721,30.0
722,50.0
723,54.0
724,59.0
725,77.0
726,74.0
727,47.0
728,51.0
729,62.0
730,33.0
731,30.0
732,44.0
733,28.0
734,23.0
735,26.0
736,29.0
737,18.0
738,16.0
739,24.0
740,23.0
741,27.0
742,23.0
743,23.0
744,22.0
745,16.0
746,20.0
747,15.0
748,24.0
749,42.0
750,40.0
751,31.0
752,42.0
753,30.0
754,67.0
755,73.0
756,64.0
757,70.0
758,52.0
759,57.0
760,56.0
761,61.0
762,64.0
763,54.0
764,45.0
765,31.0
766,57.0
767,53.0
768,25.0
769,30.0
770,44.0
771,57.0
772,55.0
773,66.0
774,62.0
775,37.0
776,36.0
777,23.0
778,24.0
779,23.0
780,15.0
781,30.0
782,34.0
783,19.0
784,28.0
785,18.0
786,10.0
787,8.0
788,14.0
789,12.0
790,12.0
791,13.0
792,20.0
793,26.0
794,22.0
795,33.0
796,31.0
797,33.0
798,27.0
799,38.0
800,34.0
801,34.0
802,50.0
803,61.0
804,63.0
805,41.0
806,61.0
807,52.0
808,40.0
809,50.0
810,55.0
811,57.0
812,45.0
813,30.0
814,31.0
815,43.0
816,25.0
817,19.0
818,23.0
819,20.0
820,18.0
821,13.0
822,10.0
823,23.0
824,17.0
825,21.0
826,15.0
827,15.0
828,9.0
829,12.0
830,9.0
831,15.0
832,12.0
833,7.0
834,13.0
835,16.0
836,25.0
837,16.0
838,9.0
839,14.0
840,17.0
841,16.0
842,25.0
843,22.0
844,18.0
845,15.0
846,43.0
847,33.0
848,40.0
849,39.0
850,26.0
851,36.0
852,44.0
853,52.0
854,45.0
855,33.0
856,29.0
857,27.0
858,17.0
859,22.0
860,16.0
861,21.0
862,29.0
863,22.0
864,16.0
865,20.0
866,29.0
867,27.0
868,17.0
869,17.0
870,15.0
871,12.0
872,17.0
873,23.0
874,18.0
875,24.0
876,26.0
877,47.0
878,29.0
879,50.0
880,48.0
881,63.0
882,60.0
883,42.0
884,54.0
885,73.0
886,80.0
887,70.0
888,41.0
889,35.0
890,55.0
891,48.0
892,25.0
893,39.0
894,30.0
895,36.0
896,18.0
897,14.0
898,16.0
899,30.0
900,26.0
901,18.0
902,18.0
903,30.0
904,27.0
905,22.0
906,21.0
907,22.0
908,16.0
909,12.0
910,29.0
911,26.0
912,0.0
913,23.0
914,29.0
915,38.0
916,29.0
917,25.0
918,34.0
919,24.0
920,23.0
921,17.0
922,18.0
923,16.0
924,18.0
925,22.0
926,8.0
927,12.0
928,15.0
929,21.0
930,18.0
931,14.0
932,21.0
933,20.0
934,22.0
935,15.0
936,24.0
937,31.0
938,30.0
939,20.0
940,28.0
941,30.0
942,24.0
943,42.0
944,61.0
945,64.0
946,52.0
947,53.0
948,49.0
949,42.0
950,34.0
951,34.0
952,35.0
953,23.0
954,14.0
955,29.0
956,20.0
957,29.0
958,29.0
959,30.0
960,19.0
961,37.0
962,24.0
963,22.0
964,33.0
965,16.0
966,21.0
967,23.0
968,31.0
969,20.0
970,12.0
971,30.0
972,32.0
973,23.0
974,36.0
975,45.0
976,44.0
977,31.0
978,28.0
979,30.0
980,36.0
981,29.0
982,45.0
983,19.0
984,44.0
985,50.0
986,26.0
987,39.0
988,32.0
989,34.0
990,29.0
991,30.0
992,38.0
993,26.0
994,25.0
995,26.0
996,28.0
997,18.0
998,33.0
999,42.0
1000,29.0
1001,24.0
1002,27.0
1003,22.0
1004,60.0
1005,57.0
1006,50.0
1007,26.0
1008,32.0
1009,30.0
1010,33.0
1011,22.0
1012,20.0
1013,23.0
1014,28.0
1015,35.0
1016,21.0
1017,13.0
1018,22.0
1019,19.0
1020,14.0
1021,11.0
1022,30.0
1023,25.0
1024,18.0
1025,21.0
1026,24.0
1027,30.0
1028,38.0
1029,36.0
1030,29.0
1031,26.0
1032,25.0
1033,29.0
1034,34.0
1035,51.0
1036,49.0
1037,35.0
1038,33.0
1039,44.0
1040,34.0
1041,50.0
1042,52.0
1043,49.0
1044,39.0
1045,25.0
1046,21.0
1047,22.0
1048,25.0
1049,33.0
1050,16.0
1051,17.0
1052,29.0
1053,23.0
1054,18.0
1055,31.0
1056,35.0
1057,22.0
1058,31.0
1059,31.0
1060,27.0
1061,25.0
1062,37.0
1063,55.0
1064,49.0
1065,71.0
1066,42.0
1067,46.0
1068,43.0
1069,59.0
1070,78.0
1071,80.0
1072,80.0
1073,72.0
1074,78.0
1075,84.0
1076,66.0
1077,85.0
1078,93.0
1079,66.0
1080,58.0
1081,48.0
1082,29.0
1083,27.0
1084,13.0
1085,36.0
1086,13.0
1087,30.0
1088,26.0
1089,39.0
1090,29.0
1091,28.0
1092,25.0
1093,20.0
1094,27.0
1095,18.0
1096,23.0
1097,25.0
1098,45.0
1099,43.0
1100,42.0
1101,35.0
1102,48.0
1103,36.0
1104,59.0
1105,55.0
1106,49.0
1107,45.0
1108,52.0
1109,34.0
1110,37.0
1111,36.0
1112,40.0
1113,51.0
1114,46.0
1115,46.0
1116,59.0
1117,49.0
1118,61.0
1119,81.0
1120,70.0
1121,63.0
1122,71.0
1123,43.0
1124,48.0
1125,56.0
1126,48.0
1127,51.0
1128,38.0
1129,30.0
1130,24.0
1131,24.0
1132,32.0
1133,38.0
1134,35.0
1135,51.0
1136,35.0
1137,35.0
1138,41.0
1139,37.0
1140,27.0
1141,17.0
1142,34.0
1143,28.0
1144,39.0
1145,36.0
1146,24.0
1147,29.0
1148,57.0
1149,57.0
1150,46.0
1151,49.0
1152,44.0
1153,45.0
1154,54.0
1155,52.0
1156,43.0
1157,26.0
1158,20.0
1159,15.0
1160,20.0
1161,16.0
1162,27.0
1163,24.0
1164,29.0
1165,28.0
1166,26.0
1167,22.0
1168,33.0
1169,37.0
1170,22.0
1171,27.0
1172,22.0
1173,37.0
1174,30.0
1175,31.0
1176,34.0
1177,36.0
1178,23.0
1179,28.0
1180,31.0
1181,39.0
1182,25.0
1183,36.0
1184,43.0
1185,58.0
1186,71.0
1187,96.0
1188,64.0
1189,94.0
1190,131.0
1191,118.0
1192,93.0
1193,70.0
1194,57.0
1195,76.0
1196,67.0
1197,76.0
1198,50.0
1199,43.0
1200,20.0
1201,19.0
1202,18.0
1203,18.0
1204,22.0
1205,20.0
1206,6.0
1207,9.0
1208,14.0
1209,17.0
1210,15.0
1211,24.0
1212,34.0
1213,34.0
1214,36.0
1215,39.0
1216,50.0
1217,44.0
1218,52.0
1219,42.0
1220,65.0
1221,48.0
1222,54.0
1223,37.0
1224,67.0
1225,58.0
1226,76.0
1227,87.0
1228,72.0
1229,61.0
1230,68.0
1231,44.0
1232,25.0
1233,36.0
1234,25.0
1235,30.0
1236,21.0
1237,19.0
1238,27.0
1239,35.0
1240,17.0
1241,33.0
1242,25.0
1243,22.0
1244,20.0
1245,21.0
1246,16.0
1247,22.0
1248,24.0
1249,14.0
1250,23.0
1251,31.0
1252,46.0
1253,29.0
1254,28.0
1255,42.0
1256,37.0
1257,37.0
1258,27.0
1259,37.0
1260,33.0
1261,44.0
1262,25.0
1263,24.0
1264,22.0
1265,23.0
1266,25.0
1267,38.0
1268,55.0
1269,48.0
1270,44.0
1271,61.0
1272,54.0
1273,59.0
1274,95.0
1275,88.0
1276,111.0
1277,93.0
1278,82.0
1279,89.0
1280,80.0
1281,62.0
1282,62.0
1283,59.0
1284,44.0
1285,18.0
1286,30.0
1287,25.0
1288,20.0
1289,17.0
1290,16.0
1291,21.0
1292,27.0
1293,21.0
1294,24.0
1295,23.0
1296,25.0
1297,36.0
1298,31.0
1299,42.0
1300,45.0
1301,36.0
1302,20.0
1303,27.0
1304,32.0
1305,20.0
1306,25.0
1307,20.0
1308,14.0
1309,10.0
1310,17.0
1311,22.0
1312,14.0
1313,12.0
1314,17.0
1315,10.0
1316,13.0
1317,12.0
1318,20.0
1319,19.0
1320,19.0
1321,18.0
1322,19.0
1323,19.0
1324,12.0
1325,31.0
1326,20.0
1327,32.0
1328,33.0
1329,23.0
1330,21.0
1331,29.0
1332,33.0
1333,33.0
1334,57.0
1335,72.0
1336,56.0
1337,70.0
1338,87.0
1339,70.0
1340,83.0
1341,86.0
1342,67.0
1343,63.0
1344,58.0
1345,42.0
1346,64.0
1347,29.0
1348,43.0
1349,25.0
1350,25.0
1351,26.0
1352,30.0
1353,28.0
1354,26.0
1355,29.0
1356,32.0
1357,17.0
1358,28.0
1359,10.0
1360,13.0
1361,29.0
1362,31.0
1363,30.0
1364,24.0
1365,26.0
1366,23.0
1367,28.0
1368,32.0
1369,37.0
1370,43.0
1371,42.0
1372,45.0
1373,34.0
1374,37.0
1375,34.0
1376,21.0
1377,22.0
1378,20.0
1379,28.0
1380,42.0
1381,34.0
1382,67.0
1383,54.0
1384,58.0
1385,74.0
1386,61.0
1387,74.0
1388,62.0
1389,72.0
1390,55.0
1391,47.0
1392,36.0
1393,34.0
1394,46.0
1395,48.0
1396,37.0
1397,34.0
1398,30.0
1399,36.0
1400,30.0
1401,40.0
1402,30.0
1403,30.0
1404,28.0
1405,38.0
1406,29.0
1407,32.0
1408,42.0
1409,45.0
1410,25.0
1411,28.0
1412,32.0
1413,27.0
1414,11.0
1415,13.0
1416,21.0
1417,20.0
1418,15.0
1419,16.0
1420,10.0
1421,9.0
1422,13.0
1423,13.0
1424,19.0
1425,33.0
1426,40.0
1427,48.0
1428,24.0
1429,32.0
1430,34.0
1431,30.0
1432,22.0
1433,25.0
1434,33.0
1435,33.0
1436,21.0
1437,22.0
1438,24.0
1439,19.0
1440,35.0
1441,32.0
1442,35.0
1443,41.0
1444,46.0
1445,39.0
1446,35.0
1447,30.0
1448,30.0
1449,32.0
1450,29.0
1451,39.0
1452,39.0
1453,48.0
1454,48.0
1455,64.0
1456,57.0
1457,36.0
1458,38.0
1459,30.0
1460,48.0
1461,46.0
1462,42.0
1463,46.0
1464,45.0
1465,54.0
1466,37.0
1467,44.0
1468,44.0
1469,47.0
1470,49.0
1471,60.0
1472,59.0
1473,66.0
1474,78.0
1475,58.0
1476,60.0
1477,38.0
1478,59.0
1479,50.0
1480,44.0
1481,43.0
1482,78.0
1483,49.0
1484,60.0
1485,52.0
1486,81.0
1487,61.0
1488,45.0
1489,52.0
1490,38.0
1491,49.0
1492,32.0
1493,27.0
1494,36.0
1495,37.0
1496,16.0
1497,9.0
1498,22.0
1499,23.0
1500,21.0
1501,6.0
1502,17.0
1503,9.0
1504,12.0
1505,13.0
1506,21.0
1507,16.0
1508,18.0
1509,20.0
1510,35.0
1511,38.0
1512,47.0
1513,37.0
1514,36.0
1515,46.0
1516,56.0
1517,59.0
1518,65.0
1519,50.0
1520,35.0
1521,41.0
1522,51.0
1523,26.0
1524,31.0
1525,27.0
1526,45.0
1527,41.0
1528,37.0
1529,30.0
1530,43.0
1531,32.0
1532,34.0
1533,23.0
1534,39.0
1535,35.0
1536,55.0
1537,44.0
1538,46.0
1539,66.0
1540,87.0
1541,37.0
1542,29.0
1543,60.0
1544,39.0
1545,62.0
1546,52.0
1547,49.0
1548,42.0
1549,47.0
1550,47.0
1551,44.0
1552,39.0
1553,36.0
1554,22.0
1555,19.0
1556,31.0
1557,39.0
1558,20.0
1559,17.0
1560,17.0
1561,34.0
1562,20.0
1563,27.0
1564,21.0
1565,25.0
1566,29.0
1567,22.0
1568,24.0
1569,15.0
1570,22.0
1571,16.0
1572,23.0
1573,20.0
1574,24.0
1575,10.0
1576,21.0
1577,32.0
1578,53.0
1579,72.0
1580,92.0
1581,98.0
1582,103.0
1583,113.0
1584,67.0
1585,46.0
1586,76.0
1587,67.0
1588,77.0
1589,46.0
1590,26.0
1591,32.0
1592,40.0
1593,25.0
1594,21.0
1595,25.0
1596,22.0
1597,23.0
1598,29.0
1599,14.0
1600,39.0
1601,25.0
1602,37.0
1603,46.0
1604,42.0
1605,45.0
1606,45.0
1607,47.0
1608,28.0
1609,32.0
1610,30.0
1611,42.0
1612,53.0
1613,56.0
1614,51.0
1615,51.0
1616,57.0
1617,48.0
1618,70.0
1619,68.0
1620,62.0
1621,73.0
1622,56.0
1623,68.0
1624,65.0
1625,73.0
1626,54.0
1627,56.0
1628,55.0
1629,67.0
1630,82.0
1631,100.0
1632,72.0
1633,70.0
1634,54.0
1635,60.0
1636,45.0
1637,42.0
1638,39.0
1639,31.0
1640,44.0
1641,42.0
1642,46.0
1643,45.0
1644,36.0
1645,59.0
1646,51.0
1647,72.0
1648,54.0
1649,51.0
1650,54.0
1651,46.0
1652,31.0
1653,46.0
1654,35.0
1655,65.0
1656,61.0
1657,34.0
1658,39.0
1659,33.0
1660,40.0
1661,40.0
1662,44.0
1663,29.0
1664,29.0
1665,38.0
1666,23.0
1667,20.0
1668,23.0
1669,27.0
1670,19.0
1671,15.0
1672,22.0
1673,13.0
1674,13.0
1675,28.0
1676,24.0
1677,22.0
1678,17.0
1679,28.0
1680,20.0
1681,35.0
1682,41.0
1683,32.0
1684,35.0
1685,46.0
1686,34.0
1687,50.0
1688,52.0
1689,53.0
1690,77.0
1691,55.0
1692,79.0
1693,82.0
1694,53.0
1695,48.0
1696,64.0
1697,58.0
1698,47.0
1699,46.0
1700,33.0
1701,55.0
1702,40.0
1703,28.0
1704,27.0
1705,44.0
1706,43.0
1707,31.0
1708,41.0
1709,49.0
1710,30.0
1711,31.0
1712,27.0
1713,15.0
1714,29.0
1715,39.0
1716,29.0
1717,33.0
1718,25.0
1719,19.0
1720,27.0
1721,24.0
1722,29.0
1723,20.0
1724,19.0
1725,15.0
1726,14.0
1727,31.0
1728,27.0
1729,28.0
1730,31.0
1731,39.0
1732,30.0
1733,41.0
1734,30.0
1735,27.0
1736,26.0
1737,21.0
1738,23.0
1739,38.0
1740,17.0
1741,24.0
1742,21.0
1743,26.0
1744,25.0
1745,26.0
1746,40.0
1747,42.0
1748,51.0
1749,39.0
1750,54.0
1751,58.0
1752,58.0
1753,42.0
1754,69.0
1755,42.0
1756,42.0
1757,39.0
1758,49.0
1759,43.0
1760,29.0
1761,34.0
1762,60.0
1763,72.0
1764,69.0
1765,69.0
1766,59.0
1767,44.0
1768,45.0
1769,31.0
1770,30.0
1771,20.0
1772,14.0
1773,12.0
1774,14.0
1775,20.0
1776,19.0
1777,18.0
1778,28.0
1779,23.0
1780,38.0
1781,37.0
1782,22.0
1783,25.0
1784,15.0
1785,30.0
1786,39.0
1787,41.0
1788,39.0
1789,42.0
1790,34.0
1791,48.0
1792,40.0
1793,42.0
1794,41.0
1795,53.0
1796,33.0
1797,46.0
1798,35.0
1799,44.0
1800,38.0
1801,40.0
1802,23.0
1803,39.0
1804,41.0
1805,34.0
1806,37.0
1807,32.0
1808,39.0
1809,54.0
1810,65.0
1811,70.0
1812,54.0
1813,52.0
1814,78.0
1815,57.0
1816,58.0
1817,66.0
1818,75.0
1819,81.0
1820,36.0
1821,61.0
1822,80.0
1823,72.0
1824,66.0
1825,40.0
1826,36.0
1827,29.0
1828,24.0
1829,18.0
1830,20.0
1831,9.0
1832,17.0
1833,8.0
1834,19.0
1835,10.0
1836,16.0
1837,19.0
1838,24.0
1839,17.0
1840,23.0
1841,25.0
1842,22.0
1843,41.0
1844,39.0
1845,34.0
1846,20.0
1847,37.0
1848,39.0
1849,39.0
1850,41.0
1851,47.0
1852,47.0
1853,44.0
1854,50.0
1855,34.0
1856,49.0
1857,50.0
1858,43.0
1859,35.0
1860,36.0
1861,27.0
1862,34.0
1863,39.0
1864,25.0
1865,43.0
1866,27.0
1867,30.0
1868,21.0
1869,20.0
1870,26.0
1871,31.0
1872,19.0
1873,33.0
1874,25.0
1875,27.0
1876,19.0
1877,20.0
1878,24.0
1879,38.0
1880,40.0
1881,45.0
1882,64.0
1883,60.0
1884,43.0
1885,55.0
1886,27.0
1887,33.0
1888,22.0
1889,26.0
1890,23.0
1891,18.0
1892,39.0
1893,24.0
1894,25.0
1895,14.0
1896,10.0
1897,10.0
1898,15.0
1899,19.0
1900,29.0
1901,20.0
1902,21.0
1903,32.0
1904,24.0
1905,36.0
1906,48.0
1907,51.0
1908,60.0
1909,47.0
1910,48.0
1911,43.0
1912,44.0
1913,66.0
1914,57.0
1915,42.0
1916,33.0
1917,29.0
1918,54.0
1919,47.0
1920,39.0
1921,69.0
1922,73.0
1923,60.0
1924,46.0
1925,33.0
1926,35.0
1927,36.0
1928,31.0
1929,25.0
1930,17.0
1931,8.0
1932,12.0
1933,15.0
1934,30.0
1935,17.0
1936,29.0
1937,34.0
1938,32.0
1939,24.0
1940,39.0
1941,58.0
1942,79.0
1943,56.0
1944,47.0
1945,44.0
1946,26.0
1947,44.0
1948,35.0
1949,32.0
1950,15.0
1951,32.0
1952,30.0
1953,23.0
1954,25.0
1955,32.0
1956,40.0
1957,25.0
1958,38.0
1959,44.0
1960,36.0
1961,50.0
1962,79.0
1963,84.0
1964,80.0
1965,60.0
1966,60.0
1967,49.0
1968,42.0
1969,50.0
1970,51.0
1971,68.0
1972,67.0
1973,78.0
1974,35.0
1975,27.0
1976,32.0
1977,19.0
1978,38.0
1979,61.0
1980,35.0
1981,50.0
1982,40.0
1983,40.0
1984,40.0
1985,31.0
1986,54.0
1987,49.0
1988,46.0
1989,39.0
1990,36.0
1991,30.0
1992,39.0
1993,54.0
1994,59.0
1995,51.0
1996,29.0
1997,50.0
1998,65.0
1999,62.0
2000,59.0
2001,43.0
2002,44.0
2003,47.0
2004,34.0
2005,35.0
2006,35.0
2007,30.0
2008,34.0
2009,36.0
2010,27.0
2011,35.0
2012,39.0
2013,28.0
2014,36.0
2015,28.0
2016,19.0
2017,30.0
2018,25.0
2019,22.0
2020,27.0
2021,27.0
2022,16.0
2023,19.0
2024,26.0
2025,34.0
2026,30.0
2027,34.0
2028,36.0
2029,46.0
2030,29.0
2031,41.0
2032,34.0
2033,32.0
2034,33.0
2035,33.0
2036,33.0
2037,54.0
2038,35.0
2039,39.0
2040,53.0
2041,43.0
2042,56.0
2043,33.0
2044,50.0
2045,44.0
2046,43.0
2047,41.0
2048,39.0
2049,33.0
2050,42.0
2051,28.0
2052,38.0
2053,31.0
2054,28.0
2055,39.0
2056,36.0
2057,51.0
2058,39.0
2059,34.0
2060,32.0
2061,28.0
2062,37.0
2063,50.0
2064,40.0
2065,30.0
2066,28.0
2067,32.0
2068,45.0
2069,32.0
2070,43.0
2071,29.0
2072,21.0
2073,14.0
2074,18.0
2075,22.0
2076,18.0
2077,17.0
2078,25.0
2079,22.0
2080,22.0
2081,20.0
2082,26.0
2083,25.0
2084,31.0
2085,29.0
2086,45.0
2087,46.0
2088,45.0
2089,42.0
2090,46.0
2091,35.0
2092,37.0
2093,37.0
2094,41.0
2095,30.0
2096,42.0
2097,27.0
2098,18.0
2099,26.0
2100,25.0
2101,22.0
2102,24.0
2103,16.0
2104,14.0
2105,30.0
2106,20.0
2107,27.0
2108,24.0
2109,38.0
2110,40.0
2111,31.0
2112,34.0
2113,39.0
2114,35.0
2115,22.0
2116,28.0
2117,44.0
2118,67.0
2119,81.0
2120,79.0
2121,88.0
2122,86.0
2123,75.0
2124,86.0
2125,89.0
2126,60.0
2127,48.0
2128,47.0
2129,52.0
2130,42.0
2131,38.0
2132,34.0
2133,38.0
2134,43.0
2135,42.0
2136,35.0
2137,30.0
2138,18.0
2139,7.0
2140,11.0
2141,22.0
2142,43.0
2143,29.0
2144,28.0
2145,24.0
2146,39.0
2147,53.0
2148,39.0
2149,64.0
2150,59.0
2151,50.0
2152,51.0
2153,48.0
2154,61.0
2155,69.0
2156,74.0
2157,72.0
2158,78.0
2159,51.0
2160,65.0
2161,53.0
2162,74.0
2163,61.0
2164,73.0
2165,110.0
2166,85.0
2167,76.0
2168,52.0
2169,38.0
2170,35.0
2171,46.0
2172,24.0
2173,34.0
2174,22.0
2175,33.0
2176,59.0
2177,39.0
2178,17.0
2179,36.0
2180,18.0
2181,24.0
2182,21.0
2183,16.0
2184,19.0
2185,17.0
2186,20.0
2187,25.0
2188,22.0
2189,16.0
2190,14.0
2191,24.0
2192,17.0
2193,30.0
2194,20.0
2195,49.0
2196,45.0
2197,64.0
2198,40.0
2199,47.0
2200,59.0
2201,29.0
2202,43.0
2203,46.0
2204,50.0
2205,56.0
2206,60.0
2207,53.0
2208,63.0
2209,52.0
2210,62.0
2211,44.0
2212,44.0
2213,54.0
2214,46.0
2215,37.0
2216,46.0
2217,52.0
2218,53.0
2219,40.0
2220,43.0
2221,35.0
2222,32.0
2223,38.0
2224,30.0
2225,23.0
2226,19.0
2227,28.0
2228,19.0
2229,13.0
2230,12.0
2231,11.0
2232,23.0
2233,27.0
2234,26.0
2235,34.0
2236,42.0
2237,41.0
2238,42.0
2239,53.0
2240,44.0
2241,50.0
2242,56.0
2243,68.0
2244,88.0
2245,95.0
2246,66.0
2247,76.0
2248,52.0
2249,26.0
2250,35.0
2251,26.0
2252,43.0
2253,33.0
2254,23.0
2255,34.0
2256,34.0
2257,27.0
2258,34.0
2259,30.0
2260,30.0
2261,24.0
2262,35.0
2263,33.0
2264,30.0
2265,25.0
2266,12.0
2267,28.0
2268,21.0
2269,30.0
2270,30.0
2271,24.0
2272,21.0
2273,21.0
2274,27.0
2275,26.0
2276,27.0
2277,38.0
2278,26.0
2279,27.0
2280,23.0
2281,23.0
2282,27.0
2283,32.0
2284,36.0
2285,17.0
2286,22.0
2287,23.0
2288,28.0
2289,26.0
2290,15.0
2291,33.0
2292,18.0
2293,39.0
2294,44.0
2295,27.0
2296,28.0
2297,24.0
2298,24.0
2299,26.0
2300,25.0
2301,28.0
2302,27.0
2303,42.0
2304,62.0
2305,64.0
2306,60.0
2307,50.0
2308,46.0
2309,41.0
2310,38.0
2311,29.0
2312,34.0
2313,31.0
2314,25.0
2315,15.0
2316,8.0
2317,11.0
2318,8.0
2319,8.0
2320,10.0
2321,10.0
2322,8.0
2323,8.0
2324,13.0
2325,25.0
2326,19.0
2327,44.0
2328,28.0
2329,27.0
2330,36.0
2331,42.0
2332,48.0
2333,95.0
2334,70.0
2335,51.0
2336,68.0
2337,55.0
2338,40.0
2339,60.0
2340,28.0
2341,23.0
2342,19.0
2343,10.0
2344,9.0
2345,12.0
2346,8.0
2347,8.0
2348,12.0
2349,18.0
2350,18.0
2351,10.0
2352,23.0
2353,17.0
2354,19.0
2355,27.0
2356,37.0
2357,25.0
2358,37.0
2359,51.0
2360,36.0
2361,62.0
2362,56.0
2363,68.0
2364,87.0
2365,93.0
2366,90.0
2367,56.0
2368,60.0
2369,61.0
2370,58.0
2371,38.0
2372,36.0
2373,41.0
2374,48.0
2375,34.0
2376,34.0
2377,49.0
2378,33.0
2379,19.0
2380,30.0
2381,11.0
2382,15.0
2383,14.0
2384,7.0
2385,15.0
2386,31.0
2387,36.0
2388,21.0
2389,18.0
2390,23.0
2391,29.0
2392,35.0
2393,47.0
2394,45.0
2395,43.0
2396,47.0
2397,43.0
2398,57.0
2399,34.0
2400,77.0
2401,68.0
2402,54.0
2403,51.0
2404,47.0
2405,41.0
2406,37.0
2407,38.0
2408,26.0
2409,30.0
2410,13.0
2411,16.0
2412,26.0
2413,19.0
2414,25.0
2415,29.0
2416,27.0
2417,23.0
2418,19.0
2419,17.0
2420,11.0
2421,18.0
2422,20.0
2423,33.0
2424,33.0
2425,51.0
2426,43.0
2427,37.0
2428,20.0
2429,31.0
2430,20.0
2431,24.0
2432,20.0
2433,24.0
2434,31.0
2435,34.0
2436,33.0
2437,44.0
2438,44.0
2439,33.0
2440,38.0
2441,34.0
2442,41.0
2443,24.0
2444,27.0
2445,32.0
2446,26.0
2447,37.0
2448,21.0
2449,15.0
2450,9.0
2451,11.0
2452,10.0
2453,36.0
2454,17.0
2455,19.0
2456,26.0
2457,32.0
2458,27.0
2459,25.0
2460,21.0
2461,29.0
2462,27.0
2463,32.0
2464,31.0
2465,36.0
2466,42.0
2467,57.0
2468,45.0
2469,25.0
2470,37.0
2471,31.0
2472,18.0
2473,12.0
2474,23.0
2475,31.0
2476,17.0
2477,25.0
2478,36.0
2479,25.0
2480,30.0
2481,34.0
2482,42.0
2483,25.0
2484,25.0
2485,47.0
2486,45.0
2487,53.0
2488,38.0
2489,40.0
2490,35.0
2491,28.0
2492,24.0
2493,13.0
2494,21.0
2495,22.0
2496,23.0
2497,23.0
2498,14.0
2499,26.0
2500,22.0
2501,22.0
2502,14.0
2503,21.0
2504,21.0
2505,22.0
2506,18.0
2507,17.0
2508,22.0
2509,22.0
2510,32.0
2511,44.0
2512,47.0
2513,60.0
2514,58.0
2515,66.0
2516,58.0
2517,65.0
2518,92.0
2519,65.0
2520,54.0
2521,39.0
2522,43.0
2523,41.0
2524,33.0
2525,43.0
2526,60.0
2527,50.0
2528,60.0
2529,60.0
2530,60.0
2531,32.0
2532,44.0
2533,34.0
2534,34.0
2535,20.0
2536,16.0
2537,10.0
2538,18.0
2539,6.0
2540,11.0
2541,11.0
2542,22.0
2543,22.0
2544,23.0
2545,15.0
2546,28.0
2547,34.0
2548,41.0
2549,40.0
2550,39.0
2551,46.0
2552,43.0
2553,50.0
2554,58.0
2555,57.0
2556,25.0
2557,37.0
2558,36.0
2559,33.0
2560,26.0
2561,57.0
2562,32.0
2563,27.0
2564,25.0
2565,27.0
2566,20.0
2567,16.0
2568,13.0
2569,19.0
2570,9.0
2571,15.0
2572,11.0
2573,22.0
2574,30.0
2575,24.0
2576,28.0
2577,18.0
2578,20.0
2579,24.0
2580,33.0
2581,39.0
2582,31.0
2583,66.0
2584,62.0
2585,83.0
2586,74.0
2587,60.0
2588,97.0
2589,64.0
2590,58.0
2591,27.0
2592,32.0
2593,30.0
2594,29.0
2595,29.0
2596,49.0
2597,49.0
2598,20.0
2599,17.0
2600,17.0
2601,27.0
2602,21.0
2603,23.0
2604,23.0
2605,26.0
2606,21.0
2607,31.0
2608,41.0
2609,45.0
2610,72.0
2611,80.0
2612,67.0
2613,96.0
2614,88.0
2615,81.0
2616,76.0
2617,43.0
2618,49.0
2619,47.0
2620,34.0
2621,37.0
2622,31.0
2623,37.0
2624,22.0
2625,33.0
2626,39.0
2627,36.0
2628,41.0
2629,36.0
2630,23.0
2631,23.0
2632,16.0
2633,12.0
2634,18.0
2635,15.0
2636,22.0
2637,23.0
2638,30.0
2639,33.0
2640,27.0
2641,39.0
2642,48.0
2643,55.0
2644,28.0
2645,35.0
2646,44.0
2647,45.0
2648,53.0
2649,52.0
2650,32.0
2651,52.0
2652,54.0
2653,66.0
2654,76.0
2655,59.0
2656,66.0
2657,58.0
2658,47.0
2659,36.0
2660,33.0
2661,34.0
2662,24.0
2663,24.0
2664,16.0
2665,35.0
2666,25.0
2667,24.0
2668,38.0
2669,30.0
2670,26.0
2671,29.0
2672,16.0
2673,17.0
2674,13.0
2675,21.0
2676,34.0
2677,20.0
2678,24.0
2679,21.0
2680,18.0
2681,18.0
2682,20.0
2683,30.0
2684,24.0
2685,17.0
2686,28.0
2687,35.0
2688,23.0
2689,28.0
2690,20.0
2691,40.0
2692,33.0
2693,38.0
2694,50.0
2695,44.0
2696,44.0
2697,46.0
2698,41.0
2699,45.0
2700,54.0
2701,38.0
2702,39.0
2703,46.0
2704,49.0
2705,31.0
2706,33.0
2707,26.0
2708,40.0
2709,54.0
2710,38.0
2711,26.0
2712,33.0
2713,23.0
2714,21.0
2715,27.0
2716,22.0
2717,27.0
2718,27.0
2719,29.0
2720,24.0
2721,50.0
2722,52.0
2723,74.0
2724,55.0
2725,39.0
2726,47.0
2727,67.0
2728,33.0
2729,43.0
2730,32.0
2731,46.0
2732,54.0
2733,50.0
2734,66.0
2735,49.0
2736,36.0
2737,51.0
2738,50.0
2739,43.0
2740,36.0
2741,32.0
2742,19.0
2743,33.0
2744,47.0
2745,36.0
2746,33.0
2747,30.0
2748,19.0
2749,26.0
2750,35.0
2751,25.0
2752,35.0
2753,48.0
2754,22.0
2755,27.0
2756,30.0
2757,23.0
2758,27.0
2759,20.0
2760,26.0
2761,38.0
2762,49.0
2763,60.0
2764,82.0
2765,78.0
2766,62.0
2767,70.0
2768,45.0
2769,59.0
2770,65.0
2771,48.0
2772,51.0
2773,52.0
2774,30.0
2775,54.0
2776,40.0
2777,38.0
2778,52.0
2779,33.0
2780,27.0
2781,37.0
2782,21.0
2783,16.0
2784,16.0
2785,14.0
2786,12.0
2787,12.0
2788,25.0
2789,13.0
2790,9.0
2791,17.0
2792,35.0
2793,27.0
2794,41.0
2795,35.0
2796,35.0
2797,43.0
2798,46.0
2799,38.0
2800,45.0
2801,50.0
2802,50.0
2803,33.0
2804,28.0
2805,29.0
2806,29.0
2807,38.0
2808,29.0
2809,35.0
2810,17.0
2811,14.0
2812,14.0
2813,6.0
2814,17.0
2815,16.0
2816,18.0
2817,16.0
2818,16.0
2819,6.0
2820,8.0
2821,18.0
2822,17.0
2823,13.0
2824,12.0
2825,23.0
2826,13.0
2827,18.0
2828,43.0
2829,33.0
2830,29.0
2831,37.0
2832,22.0
2833,30.0
2834,23.0
2835,23.0
2836,25.0
2837,28.0
2838,32.0
2839,32.0
2840,34.0
2841,28.0
2842,51.0
2843,43.0
2844,52.0
2845,58.0
2846,51.0
2847,36.0
2848,34.0
2849,28.0
2850,29.0
2851,26.0
2852,31.0
2853,25.0
2854,25.0
2855,23.0
2856,25.0
2857,13.0
2858,24.0
2859,13.0
2860,29.0
2861,27.0
2862,15.0
2863,33.0
2864,31.0
2865,26.0
2866,24.0
2867,35.0
2868,47.0
2869,22.0
2870,28.0
2871,38.0
2872,37.0
2873,40.0
2874,21.0
2875,19.0
2876,42.0
2877,26.0
2878,18.0
2879,21.0
2880,10.0
2881,8.0
2882,18.0
2883,6.0
2884,15.0
2885,12.0
2886,11.0
2887,15.0
2888,21.0
2889,23.0
2890,16.0
2891,45.0
2892,46.0
2893,34.0
2894,36.0
2895,39.0
2896,39.0
2897,27.0
2898,50.0
2899,52.0
2900,40.0
2901,50.0
2902,40.0
2903,47.0
2904,25.0
2905,45.0
2906,52.0
2907,48.0
2908,60.0
2909,65.0
2910,43.0
2911,81.0
2912,85.0
2913,70.0
2914,97.0
2915,118.0
2916,65.0
2917,50.0
2918,52.0
2919,45.0
2920,54.0
2921,32.0
2922,26.0
2923,20.0
2924,29.0
2925,25.0
2926,19.0
2927,30.0
2928,21.0
2929,35.0
2930,41.0
2931,65.0
2932,66.0
2933,59.0
2934,69.0
2935,75.0
2936,59.0
2937,63.0
2938,78.0
2939,55.0
2940,36.0
2941,43.0
2942,40.0
2943,36.0
2944,40.0
2945,40.0
2946,33.0
2947,54.0
2948,39.0
2949,20.0
2950,43.0
2951,43.0
2952,34.0
2953,32.0
2954,38.0
2955,47.0
2956,38.0
2957,31.0
2958,26.0
2959,51.0
2960,26.0
2961,33.0
2962,29.0
2963,25.0
2964,27.0
2965,16.0
2966,25.0
2967,27.0
2968,20.0
2969,22.0
2970,18.0
2971,23.0
2972,23.0
2973,32.0
2974,21.0
2975,35.0
2976,55.0
2977,50.0
2978,65.0
2979,62.0
2980,45.0
2981,50.0
2982,46.0
2983,26.0
2984,33.0
2985,27.0
2986,32.0
2987,30.0
2988,38.0
2989,25.0
2990,23.0
2991,22.0
2992,24.0
2993,27.0
2994,23.0
2995,24.0
2996,17.0
2997,17.0
2998,20.0
2999,25.0
3000,29.0
3001,19.0
3002,40.0
3003,30.0
3004,44.0
3005,17.0
3006,26.0
3007,21.0
3008,25.0
3009,19.0
3010,28.0
3011,46.0
3012,37.0
3013,52.0
3014,34.0
3015,32.0
3016,32.0
3017,44.0
3018,28.0
3019,61.0
3020,49.0
3021,37.0
3022,39.0
3023,27.0
3024,9.0
3025,35.0
3026,33.0
3027,22.0
3028,22.0
3029,15.0
3030,36.0
3031,40.0
3032,38.0
3033,39.0
3034,36.0
3035,47.0
3036,22.0
3037,19.0
3038,21.0
3039,30.0
3040,26.0
3041,38.0
3042,46.0
3043,37.0
3044,69.0
3045,43.0
3046,53.0
3047,56.0
3048,67.0
3049,60.0
3050,50.0
3051,81.0
3052,53.0
3053,53.0
3054,38.0
3055,31.0
3056,39.0
3057,37.0
3058,31.0
3059,18.0
3060,22.0
3061,22.0
3062,25.0
3063,30.0
3064,43.0
3065,40.0
3066,63.0
3067,42.0
3068,45.0
3069,36.0
3070,40.0
3071,42.0
3072,42.0
3073,59.0
3074,78.0
3075,93.0
3076,76.0
3077,45.0
3078,44.0
3079,65.0
3080,60.0
3081,47.0
3082,51.0
3083,73.0
3084,72.0
3085,68.0
3086,76.0
3087,74.0
3088,61.0
3089,54.0
3090,43.0
3091,24.0
3092,13.0
3093,21.0
3094,17.0
3095,9.0
3096,17.0
3097,6.0
3098,11.0
3099,10.0
3100,10.0
3101,12.0
3102,12.0
3103,8.0
3104,35.0
3105,11.0
3106,22.0
3107,29.0
3108,33.0
3109,38.0
3110,18.0
3111,43.0
3112,61.0
3113,65.0
3114,102.0
3115,83.0
3116,74.0
3117,65.0
3118,55.0
3119,56.0
3120,45.0
3121,29.0
3122,39.0
3123,35.0
3124,20.0
3125,20.0
3126,22.0
3127,22.0
3128,22.0
3129,19.0
3130,18.0
3131,17.0
3132,11.0
3133,13.0
3134,15.0
3135,21.0
3136,12.0
3137,18.0
3138,14.0
3139,19.0
3140,16.0
3141,20.0
3142,20.0
3143,22.0
3144,45.0
3145,20.0
3146,27.0
3147,37.0
3148,50.0
3149,53.0
3150,40.0
3151,62.0
3152,75.0
3153,59.0
3154,58.0
3155,57.0
3156,67.0
3157,69.0
3158,53.0
3159,45.0
3160,37.0
3161,21.0
3162,27.0
3163,26.0
3164,28.0
3165,37.0
3166,26.0
3167,41.0
3168,30.0
3169,42.0
3170,34.0
3171,40.0
3172,26.0
3173,24.0
3174,19.0
3175,18.0
3176,19.0
3177,11.0
3178,17.0
3179,21.0
3180,54.0
3181,60.0
3182,42.0
3183,55.0
3184,58.0
3185,72.0
3186,49.0
3187,28.0
3188,26.0
3189,19.0
3190,20.0
3191,29.0
3192,32.0
3193,36.0
3194,19.0
3195,15.0
3196,22.0
3197,24.0
3198,25.0
3199,27.0
3200,25.0
3201,26.0
3202,38.0
3203,37.0
3204,48.0
3205,35.0
3206,52.0
3207,43.0
3208,42.0
3209,31.0
3210,53.0
3211,55.0
3212,53.0
3213,42.0
3214,69.0
3215,72.0
3216,68.0
3217,52.0
3218,39.0
3219,47.0
3220,29.0
3221,45.0
3222,45.0
3223,27.0
3224,40.0
3225,37.0
3226,19.0
3227,31.0
3228,24.0
3229,14.0
3230,33.0
3231,31.0
3232,25.0
3233,49.0
3234,44.0
3235,23.0
3236,24.0
3237,23.0
3238,15.0
3239,21.0
3240,13.0
3241,13.0
3242,11.0
3243,16.0
3244,14.0
3245,10.0
3246,14.0
3247,13.0
3248,18.0
3249,24.0
3250,32.0
3251,38.0
3252,38.0
3253,39.0
3254,37.0
3255,51.0
3256,51.0
3257,49.0
3258,58.0
3259,83.0
3260,55.0
3261,65.0
3262,58.0
3263,91.0
3264,69.0
3265,77.0
3266,86.0
3267,59.0
3268,86.0
3269,75.0
3270,79.0
3271,26.0
3272,39.0
3273,33.0
3274,22.0
3275,25.0
3276,30.0
3277,32.0
3278,21.0
3279,18.0
3280,19.0
3281,13.0
3282,13.0
3283,7.0
3284,11.0
3285,17.0
3286,16.0
3287,15.0
3288,29.0
3289,24.0
3290,20.0
3291,53.0
3292,39.0
3293,28.0
3294,28.0
3295,20.0
3296,31.0
3297,24.0
3298,20.0
3299,22.0
3300,29.0
3301,29.0
3302,25.0
3303,37.0
3304,39.0
3305,33.0
3306,22.0
3307,18.0
3308,24.0
3309,17.0
3310,25.0
3311,30.0
3312,15.0
3313,25.0
3314,29.0
3315,32.0
3316,26.0
3317,27.0
3318,28.0
3319,41.0
3320,55.0
3321,46.0
3322,42.0
3323,65.0
3324,85.0
3325,84.0
3326,92.0
3327,53.0
3328,59.0
3329,57.0
3330,67.0
3331,39.0
3332,53.0
3333,46.0
3334,40.0
3335,24.0
3336,30.0
3337,21.0
3338,46.0
3339,32.0
3340,25.0
3341,23.0
3342,22.0
3343,21.0
3344,9.0
3345,14.0
3346,9.0
3347,14.0
3348,20.0
3349,9.0
3350,7.0
3351,12.0
3352,21.0
3353,12.0
3354,18.0
3355,15.0
3356,20.0
3357,18.0
3358,24.0
3359,27.0
3360,35.0
3361,52.0
3362,38.0
3363,25.0
3364,20.0
3365,23.0
3366,30.0
3367,18.0
3368,28.0
3369,31.0
3370,27.0
3371,22.0
3372,29.0
3373,26.0
3374,30.0
3375,37.0
3376,44.0
3377,41.0
3378,45.0
3379,33.0
3380,42.0
3381,54.0
3382,41.0
3383,33.0
3384,59.0
3385,45.0
3386,47.0
3387,46.0
3388,38.0
3389,30.0
3390,26.0
3391,27.0
3392,41.0
3393,38.0
3394,31.0
3395,48.0
3396,50.0
3397,55.0
3398,51.0
3399,61.0
3400,44.0
3401,48.0
3402,38.0
3403,31.0
3404,29.0
3405,23.0
3406,22.0
3407,29.0
3408,41.0
3409,24.0
3410,45.0
3411,46.0
3412,28.0
3413,33.0
3414,40.0
3415,46.0
3416,52.0
3417,32.0
3418,59.0
3419,57.0
3420,48.0
3421,93.0
3422,119.0
3423,94.0
3424,64.0
3425,61.0
3426,78.0
3427,59.0
3428,38.0
3429,47.0
3430,25.0
3431,20.0
3432,8.0
3433,9.0
3434,12.0
3435,5.0
3436,0.0
3437,6.0
3438,7.0
3439,2.0
3440,8.0
3441,9.0
3442,9.0
3443,6.0
3444,9.0
3445,12.0
3446,5.0
3447,17.0
3448,19.0
3449,34.0
3450,32.0
3451,37.0
3452,30.0
3453,27.0
3454,30.0
3455,25.0
3456,57.0
3457,51.0
3458,49.0
3459,29.0
3460,25.0
3461,32.0
3462,30.0
3463,30.0
3464,47.0
3465,36.0
3466,45.0
3467,41.0
3468,32.0
3469,26.0
3470,22.0
3471,30.0
3472,28.0
3473,17.0
3474,15.0
3475,25.0
3476,13.0
3477,8.0
3478,19.0
3479,12.0
3480,15.0
3481,22.0
3482,31.0
3483,26.0
3484,27.0
3485,21.0
3486,34.0
3487,46.0
3488,47.0
3489,52.0
3490,66.0
3491,42.0
3492,50.0
3493,34.0
3494,43.0
3495,54.0
3496,44.0
3497,38.0
3498,50.0
3499,33.0
3500,31.0
3501,28.0
3502,24.0
3503,30.0
3504,31.0
3505,17.0
3506,24.0
3507,26.0
3508,27.0
3509,32.0
3510,28.0
3511,19.0
3512,10.0
3513,19.0
3514,21.0
3515,13.0
3516,25.0
3517,22.0
3518,32.0
3519,31.0
3520,20.0
3521,22.0
3522,38.0
3523,26.0
3524,23.0
3525,21.0
3526,28.0
3527,26.0
3528,35.0
3529,40.0
3530,59.0
3531,77.0
3532,61.0
3533,72.0
3534,50.0
3535,66.0
3536,48.0
3537,39.0
3538,45.0
3539,48.0
3540,31.0
3541,33.0
3542,39.0
3543,41.0
3544,57.0
3545,53.0
3546,56.0
3547,70.0
3548,68.0
3549,82.0
3550,46.0
3551,32.0
3552,44.0
3553,51.0
3554,34.0
3555,24.0
3556,28.0
3557,34.0
3558,43.0
3559,68.0
3560,45.0
3561,33.0
3562,30.0
3563,23.0
3564,34.0
3565,23.0
3566,33.0
3567,37.0
3568,23.0
3569,27.0
3570,51.0
3571,32.0
3572,23.0
3573,18.0
3574,14.0
3575,24.0
3576,28.0
3577,32.0
3578,36.0
3579,45.0
3580,33.0
3581,42.0
3582,37.0
3583,50.0
3584,73.0
3585,83.0
3586,50.0
3587,48.0
3588,43.0
3589,77.0
3590,74.0
3591,56.0
3592,57.0
3593,26.0
3594,30.0
3595,9.0
3596,15.0
3597,17.0
3598,8.0
3599,17.0
3600,15.0
3601,12.0
3602,10.0
3603,18.0
3604,19.0
3605,20.0
3606,12.0
3607,28.0
3608,40.0
3609,53.0
3610,68.0
3611,55.0
3612,58.0
3613,39.0
3614,44.0
3615,52.0
3616,46.0
3617,51.0
3618,37.0
3619,35.0
3620,39.0
3621,19.0
3622,22.0
3623,25.0
3624,24.0
3625,24.0
3626,14.0
3627,21.0
3628,11.0
3629,8.0
3630,12.0
3631,21.0
3632,23.0
3633,28.0
3634,31.0
3635,31.0
3636,53.0
3637,38.0
3638,58.0
3639,74.0
3640,81.0
3641,72.0
3642,69.0
3643,77.0
3644,64.0
3645,52.0
3646,49.0
3647,65.0
3648,63.0
3649,27.0
3650,31.0
3651,26.0
3652,25.0
3653,24.0
3654,40.0
3655,34.0
3656,28.0
3657,22.0
3658,13.0
3659,24.0
3660,18.0
3661,26.0
3662,29.0
3663,28.0
3664,35.0
3665,40.0
3666,30.0
3667,31.0
3668,37.0
3669,61.0
3670,87.0
3671,79.0
3672,71.0
3673,72.0
3674,44.0
3675,35.0
3676,37.0
3677,27.0
3678,58.0
3679,28.0
3680,34.0
3681,46.0
3682,37.0
3683,45.0
3684,38.0
3685,48.0
3686,49.0
3687,14.0
3688,25.0
3689,15.0
3690,17.0
3691,17.0
3692,9.0
3693,8.0
3694,8.0
3695,9.0
3696,10.0
3697,20.0
3698,16.0
3699,20.0
3700,30.0
3701,34.0
3702,32.0
3703,34.0
3704,26.0
3705,31.0
3706,38.0
3707,39.0
3708,44.0
3709,51.0
3710,44.0
3711,41.0
3712,30.0
3713,41.0
3714,38.0
3715,33.0
3716,36.0
3717,37.0
3718,34.0
3719,27.0
3720,41.0
3721,50.0
3722,37.0
3723,39.0
3724,44.0
3725,22.0
3726,19.0
3727,16.0
3728,19.0
3729,17.0
3730,12.0
3731,22.0
3732,24.0
3733,23.0
3734,28.0
3735,29.0
3736,13.0
3737,26.0
3738,19.0
3739,60.0
3740,50.0
3741,40.0
3742,36.0
3743,30.0
3744,25.0
3745,25.0
3746,28.0
3747,29.0
3748,19.0
3749,33.0
3750,35.0
3751,22.0
3752,24.0
3753,18.0
3754,19.0
3755,15.0
3756,29.0
3757,33.0
3758,36.0
3759,27.0
3760,46.0
3761,39.0
3762,49.0
3763,39.0
3764,75.0
3765,68.0
3766,68.0
3767,46.0
3768,59.0
3769,46.0
3770,80.0
3771,80.0
3772,101.0
3773,67.0
3774,80.0
3775,41.0
3776,47.0
3777,41.0
3778,39.0
3779,39.0
3780,32.0
3781,43.0
3782,41.0
3783,42.0
3784,37.0
3785,42.0
3786,41.0
3787,66.0
3788,75.0
3789,76.0
3790,57.0
3791,72.0
3792,83.0
3793,71.0
3794,65.0
3795,79.0
3796,52.0
3797,62.0
3798,75.0
3799,43.0
3800,54.0
3801,47.0
3802,45.0
3803,43.0
3804,55.0
3805,42.0
3806,34.0
3807,47.0
3808,30.0
3809,28.0
3810,37.0
3811,16.0
3812,25.0
3813,32.0
3814,37.0
3815,48.0
3816,29.0
3817,43.0
3818,38.0
3819,34.0
3820,33.0
3821,24.0
3822,25.0
3823,38.0
3824,39.0
3825,50.0
3826,44.0
3827,61.0
3828,39.0
3829,40.0
3830,33.0
3831,54.0
3832,59.0
3833,35.0
3834,26.0
3835,25.0
3836,28.0
3837,25.0
3838,44.0
3839,28.0
3840,19.0
3841,21.0
3842,19.0
3843,19.0
3844,17.0
3845,16.0
3846,7.0
3847,11.0
3848,12.0
3849,8.0
3850,21.0
3851,17.0
3852,14.0
3853,10.0
3854,21.0
3855,22.0
3856,21.0
3857,43.0
3858,35.0
3859,56.0
3860,40.0
3861,29.0
3862,29.0
3863,32.0
3864,29.0
3865,25.0
3866,38.0
3867,52.0
3868,50.0
3869,34.0
3870,32.0
3871,20.0
3872,22.0
3873,17.0
3874,17.0
3875,21.0
3876,18.0
3877,22.0
3878,18.0
3879,21.0
3880,31.0
3881,39.0
3882,31.0
3883,31.0
3884,51.0
3885,35.0
3886,50.0
3887,59.0
3888,70.0
3889,71.0
3890,90.0
3891,102.0
3892,84.0
3893,106.0
3894,142.0
3895,111.0
3896,84.0
3897,76.0
3898,101.0
3899,83.0
3900,54.0
3901,41.0
3902,45.0
3903,30.0
3904,30.0
3905,26.0
3906,14.0
3907,15.0
3908,12.0
3909,9.0
3910,10.0
3911,10.0
3912,7.0
3913,10.0
3914,4.0
3915,25.0
3916,7.0
3917,23.0
3918,14.0
3919,41.0
3920,47.0
3921,42.0
3922,67.0
3923,50.0
3924,61.0
3925,84.0
3926,78.0
3927,64.0
3928,53.0
3929,66.0
3930,50.0
3931,45.0
3932,40.0
3933,35.0
3934,40.0
3935,23.0
3936,37.0
3937,39.0
3938,24.0
3939,21.0
3940,35.0
3941,19.0
3942,21.0
3943,20.0
3944,16.0
3945,11.0
3946,20.0
3947,11.0
3948,20.0
3949,14.0
3950,24.0
3951,19.0
3952,35.0
3953,42.0
3954,32.0
3955,19.0
3956,18.0
3957,31.0
3958,26.0
3959,27.0
3960,47.0
3961,35.0
3962,25.0
3963,27.0
3964,20.0
3965,19.0
3966,26.0
3967,21.0
3968,20.0
3969,14.0
3970,23.0
3971,19.0
3972,19.0
3973,6.0
3974,14.0
3975,11.0
3976,19.0
3977,18.0
3978,19.0
3979,20.0
3980,36.0
3981,46.0
3982,32.0
3983,30.0
3984,45.0
3985,27.0
3986,31.0
3987,29.0
3988,40.0
3989,30.0
3990,29.0
3991,36.0
3992,28.0
3993,27.0
3994,22.0
3995,38.0
3996,35.0
3997,31.0
3998,23.0
3999,36.0
4000,42.0
4001,52.0
4002,44.0
4003,43.0
4004,56.0
4005,53.0
4006,74.0
4007,55.0
4008,49.0
4009,40.0
4010,70.0
4011,50.0
4012,52.0
4013,70.0
4014,77.0
4015,65.0
4016,64.0
4017,77.0
4018,72.0
4019,76.0
4020,40.0
4021,66.0
4022,59.0
4023,73.0
4024,47.0
4025,36.0
4026,32.0
4027,53.0
4028,54.0
4029,44.0
4030,34.0
4031,37.0
4032,34.0
4033,29.0
4034,29.0
4035,20.0
4036,25.0
4037,30.0
4038,12.0
4039,31.0
4040,16.0
4041,22.0
4042,16.0
4043,20.0
4044,17.0
4045,17.0
4046,35.0
4047,34.0
4048,33.0
4049,32.0
4050,42.0
4051,42.0
4052,44.0
4053,24.0
4054,27.0
4055,43.0
4056,33.0
4057,26.0
4058,34.0
4059,28.0
4060,38.0
4061,35.0
4062,29.0
4063,33.0
4064,49.0
4065,31.0
4066,29.0
4067,22.0
4068,48.0
4069,25.0
4070,47.0
4071,34.0
4072,48.0
4073,39.0
4074,53.0
4075,72.0
4076,50.0
4077,56.0
4078,36.0
4079,43.0
4080,36.0
4081,43.0
4082,42.0
4083,18.0
4084,37.0
4085,20.0
4086,24.0
4087,19.0
4088,15.0
4089,21.0
4090,19.0
4091,40.0
4092,31.0
4093,41.0
4094,33.0
4095,52.0
4096,43.0
4097,63.0
4098,43.0
4099,44.0
4100,21.0
4101,23.0
4102,28.0
4103,21.0
4104,18.0
4105,15.0
4106,27.0
4107,19.0
4108,24.0
4109,21.0
4110,25.0
4111,29.0
4112,31.0
4113,28.0
4114,29.0
4115,19.0
4116,23.0
4117,31.0
4118,47.0
4119,43.0
4120,35.0
4121,40.0
4122,45.0
4123,44.0
4124,60.0
4125,35.0
4126,32.0
4127,21.0
4128,21.0
4129,18.0
4130,13.0
4131,13.0
4132,15.0
4133,12.0
4134,16.0
4135,21.0
4136,29.0
4137,13.0
4138,16.0
4139,13.0
4140,18.0
4141,25.0
4142,28.0
4143,26.0
4144,41.0
4145,35.0
4146,24.0
4147,37.0
4148,46.0
4149,28.0
4150,45.0
4151,32.0
4152,22.0
4153,32.0
4154,58.0
4155,54.0
4156,37.0
4157,47.0
4158,68.0
4159,70.0
4160,48.0
4161,50.0
4162,56.0
4163,45.0
4164,77.0
4165,64.0
4166,57.0
4167,42.0
4168,34.0
4169,26.0
4170,36.0
4171,24.0
4172,36.0
4173,32.0
4174,19.0
4175,18.0
4176,26.0
4177,25.0
4178,29.0
4179,29.0
4180,44.0
4181,38.0
4182,35.0
4183,33.0
4184,30.0
4185,49.0
4186,61.0
4187,67.0
4188,54.0
4189,70.0
4190,66.0
4191,82.0
4192,111.0
4193,85.0
4194,111.0
4195,53.0
4196,50.0
4197,43.0
4198,54.0
4199,67.0
4200,43.0
4201,46.0
4202,53.0
4203,29.0
4204,37.0
4205,39.0
4206,40.0
4207,38.0
4208,43.0
4209,68.0
4210,39.0
4211,32.0
4212,36.0
4213,42.0
4214,36.0
4215,18.0
4216,33.0
4217,30.0
4218,19.0
4219,25.0
4220,23.0
4221,33.0
4222,29.0
4223,18.0
4224,33.0
4225,31.0
4226,43.0
4227,29.0
4228,35.0
4229,57.0
4230,74.0
4231,77.0
4232,44.0
4233,27.0
4234,49.0
4235,44.0
4236,37.0
4237,23.0
4238,18.0
4239,29.0
4240,24.0
4241,29.0
4242,39.0
4243,47.0
4244,53.0
4245,58.0
4246,42.0
4247,44.0
4248,41.0
4249,44.0
4250,38.0
4251,30.0
4252,23.0
4253,36.0
4254,36.0
4255,19.0
4256,25.0
4257,39.0
4258,39.0
4259,45.0
4260,27.0
4261,24.0
4262,26.0
4263,23.0
4264,40.0
4265,36.0
4266,40.0
4267,34.0
4268,36.0
4269,53.0
4270,66.0
4271,89.0
4272,98.0
4273,121.0
4274,103.0
4275,127.0
4276,79.0
4277,76.0
4278,47.0
4279,43.0
4280,12.0
4281,21.0
4282,19.0
4283,25.0
4284,38.0
4285,24.0
4286,24.0
4287,35.0
4288,22.0
4289,23.0
4290,15.0
4291,19.0
4292,24.0
4293,11.0
4294,11.0
4295,25.0
4296,22.0
4297,27.0
4298,26.0
4299,37.0
4300,12.0
4301,29.0
4302,43.0
4303,37.0
4304,31.0
4305,32.0
4306,23.0
4307,17.0
4308,33.0
4309,28.0
4310,29.0
4311,30.0
4312,27.0
4313,19.0
4314,27.0
4315,55.0
4316,37.0
4317,42.0
4318,38.0
4319,35.0
4320,38.0
4321,43.0
4322,24.0
4323,32.0
4324,29.0
4325,31.0
4326,25.0
4327,27.0
4328,24.0
4329,26.0
4330,28.0
4331,29.0
4332,34.0
4333,54.0
4334,66.0
4335,42.0
4336,54.0
4337,48.0
4338,49.0
4339,43.0
4340,37.0
4341,50.0
4342,52.0
4343,51.0
4344,27.0
4345,12.0
4346,15.0
4347,8.0
4348,13.0
4349,10.0
4350,4.0
4351,11.0
4352,12.0
4353,11.0
4354,8.0
4355,9.0
4356,9.0
4357,21.0
4358,23.0
4359,16.0
4360,27.0
4361,17.0
4362,31.0
4363,38.0
4364,41.0
4365,32.0
4366,29.0
4367,37.0
4368,36.0
4369,50.0
4370,43.0
4371,40.0
4372,29.0
4373,38.0
4374,29.0
4375,31.0
4376,26.0
4377,32.0
4378,29.0
4379,36.0
4380,23.0
4381,29.0
4382,16.0
4383,16.0
4384,7.0
4385,11.0
4386,16.0
4387,17.0
4388,11.0
4389,13.0
4390,9.0
4391,24.0
4392,17.0
4393,27.0
4394,32.0
4395,36.0
4396,22.0
4397,20.0
4398,25.0
4399,41.0
4400,52.0
4401,46.0
4402,51.0
4403,55.0
4404,56.0
4405,67.0
4406,53.0
4407,37.0
4408,31.0
4409,32.0
4410,43.0
4411,46.0
4412,41.0
4413,21.0
4414,23.0
4415,20.0
4416,12.0
4417,27.0
4418,35.0
4419,39.0
4420,33.0
4421,37.0
4422,43.0
4423,56.0
4424,72.0
4425,78.0
4426,67.0
4427,43.0
4428,63.0
4429,43.0
4430,36.0
4431,62.0
4432,74.0
4433,88.0
4434,77.0
4435,80.0
4436,77.0
4437,70.0
4438,81.0
4439,51.0
4440,42.0
4441,52.0
4442,43.0
4443,36.0
4444,24.0
4445,26.0
4446,26.0
4447,31.0
4448,28.0
4449,33.0
4450,27.0
4451,20.0
4452,20.0
4453,20.0
4454,21.0
4455,18.0
4456,25.0
4457,24.0
4458,22.0
4459,28.0
4460,22.0
4461,20.0
4462,22.0
4463,28.0
4464,39.0
4465,38.0
4466,33.0
4467,38.0
4468,50.0
4469,37.0
4470,31.0
4471,28.0
4472,31.0
4473,20.0
4474,20.0
4475,35.0
4476,30.0
4477,31.0
4478,14.0
4479,22.0
4480,9.0
4481,20.0
4482,18.0
4483,17.0
4484,16.0
4485,27.0
4486,33.0
4487,27.0
4488,32.0
4489,50.0
4490,54.0
4491,66.0
4492,81.0
4493,70.0
4494,63.0
4495,46.0
4496,49.0
4497,49.0
4498,56.0
4499,37.0
4500,38.0
4501,33.0
4502,28.0
4503,24.0
4504,43.0
4505,35.0
4506,41.0
4507,38.0
4508,43.0
4509,25.0
4510,32.0
4511,13.0
4512,19.0
4513,33.0
4514,34.0
4515,30.0
4516,47.0
4517,23.0
4518,34.0
4519,22.0
4520,22.0
4521,9.0
4522,11.0
4523,15.0
4524,10.0
4525,12.0
4526,18.0
4527,19.0
4528,13.0
4529,18.0
4530,20.0
4531,25.0
4532,24.0
4533,23.0
4534,18.0
4535,19.0
4536,12.0
4537,13.0
4538,28.0
4539,26.0
4540,23.0
4541,37.0
4542,44.0
4543,40.0
4544,32.0
4545,32.0
4546,40.0
4547,30.0
4548,47.0
4549,63.0
4550,63.0
4551,60.0
4552,69.0
4553,71.0
4554,59.0
4555,25.0
4556,32.0
4557,25.0
4558,40.0
4559,45.0
4560,29.0
4561,24.0
4562,20.0
4563,32.0
4564,33.0
4565,40.0
4566,27.0
4567,32.0
4568,33.0
4569,27.0
4570,26.0
4571,28.0
4572,24.0
4573,16.0
4574,33.0
4575,26.0
4576,34.0
4577,30.0
4578,36.0
4579,27.0
4580,27.0
4581,38.0
4582,35.0
4583,23.0
4584,22.0
4585,35.0
4586,43.0
4587,58.0
4588,34.0
4589,27.0
4590,27.0
4591,23.0
4592,26.0
4593,21.0
4594,27.0
4595,15.0
4596,27.0
4597,30.0
4598,35.0
4599,31.0
4600,9.0
4601,10.0
4602,9.0
4603,22.0
4604,16.0
4605,20.0
4606,15.0
4607,22.0
4608,22.0
4609,29.0
4610,51.0
4611,39.0
4612,43.0
4613,51.0
4614,45.0
4615,61.0
4616,46.0
4617,39.0
4618,48.0
4619,42.0
4620,41.0
4621,32.0
4622,39.0
4623,33.0
4624,37.0
4625,29.0
4626,40.0
4627,22.0
4628,29.0
4629,27.0
4630,31.0
4631,30.0
4632,22.0
4633,22.0
4634,41.0
4635,32.0
4636,30.0
4637,47.0
4638,50.0
4639,40.0
4640,44.0
4641,49.0
4642,45.0
4643,40.0
4644,48.0
4645,56.0
4646,56.0
4647,64.0
4648,58.0
4649,55.0
4650,50.0
4651,41.0
4652,59.0
4653,40.0
4654,37.0
4655,28.0
4656,22.0
4657,12.0
4658,16.0
4659,16.0
4660,17.0
4661,19.0
4662,24.0
4663,25.0
4664,21.0
4665,19.0
4666,20.0
4667,19.0
4668,32.0
4669,39.0
4670,37.0
4671,38.0
4672,64.0
4673,39.0
4674,49.0
4675,76.0
4676,68.0
4677,59.0
4678,44.0
4679,52.0
4680,61.0
4681,64.0
4682,78.0
4683,69.0
4684,59.0
4685,39.0
4686,21.0
4687,35.0
4688,17.0
4689,20.0
4690,19.0
4691,30.0
4692,26.0
4693,15.0
4694,14.0
4695,21.0
4696,27.0
4697,21.0
4698,16.0
4699,28.0
4700,31.0
4701,29.0
4702,22.0
4703,35.0
4704,45.0
4705,74.0
4706,69.0
4707,71.0
4708,54.0
4709,54.0
4710,41.0
4711,49.0
4712,66.0
4713,49.0
4714,40.0
4715,51.0
4716,49.0
4717,79.0
4718,72.0
4719,52.0
4720,44.0
4721,35.0
4722,24.0
4723,29.0
4724,42.0
4725,62.0
4726,89.0
4727,85.0
4728,120.0
4729,92.0
4730,87.0
4731,58.0
4732,39.0
4733,43.0
4734,51.0
4735,44.0
4736,43.0
4737,38.0
4738,58.0
4739,35.0
4740,34.0
4741,31.0
4742,37.0
4743,25.0
4744,21.0
4745,21.0
4746,31.0
4747,36.0
4748,21.0
4749,17.0
4750,14.0
4751,18.0
4752,34.0
4753,51.0
4754,30.0
4755,26.0
4756,21.0
4757,19.0
4758,20.0
4759,18.0
4760,29.0
4761,12.0
4762,8.0
4763,19.0
4764,25.0
4765,21.0
4766,32.0
4767,20.0
4768,36.0
4769,40.0
4770,21.0
4771,27.0
4772,30.0
4773,25.0
4774,24.0
4775,11.0
4776,29.0
4777,28.0
4778,30.0
4779,22.0
4780,33.0
4781,19.0
4782,34.0
4783,34.0
4784,29.0
4785,38.0
4786,39.0
4787,39.0
4788,59.0
4789,53.0
4790,56.0
4791,39.0
4792,32.0
4793,36.0
4794,47.0
4795,39.0
4796,55.0
4797,54.0
4798,47.0
4799,39.0
4800,52.0
4801,26.0
4802,24.0
4803,23.0
4804,21.0
4805,14.0
4806,13.0
4807,18.0
4808,11.0
4809,7.0
4810,5.0
4811,9.0
4812,15.0
4813,10.0
4814,13.0
4815,20.0
4816,11.0
4817,17.0
4818,9.0
4819,19.0
4820,18.0
4821,37.0
4822,26.0
4823,44.0
4824,51.0
4825,55.0
4826,36.0
4827,52.0
4828,56.0
4829,54.0
4830,49.0
4831,45.0
4832,41.0
4833,56.0
4834,47.0
4835,33.0
4836,40.0
4837,38.0
4838,35.0
4839,39.0
4840,33.0
4841,24.0
4842,24.0
4843,21.0
4844,28.0
4845,22.0
4846,24.0
4847,19.0
4848,9.0
4849,20.0
4850,29.0
4851,12.0
4852,11.0
4853,27.0
4854,21.0
4855,19.0
4856,30.0
4857,46.0
4858,33.0
4859,50.0
4860,36.0
4861,37.0
4862,41.0
4863,34.0
4864,33.0
4865,49.0
4866,30.0
4867,31.0
4868,20.0
4869,22.0
4870,16.0
4871,16.0
4872,22.0
4873,15.0
4874,23.0
4875,20.0
4876,18.0
4877,27.0
4878,23.0
4879,32.0
4880,33.0
4881,29.0
4882,40.0
4883,47.0
4884,47.0
4885,69.0
4886,65.0
4887,70.0
4888,69.0
4889,65.0
4890,77.0
4891,74.0
4892,93.0
4893,52.0
4894,67.0
4895,43.0
4896,50.0
4897,34.0
4898,23.0
4899,19.0
4900,23.0
4901,40.0
4902,27.0
4903,23.0
4904,26.0
4905,38.0
4906,31.0
4907,26.0
4908,23.0
4909,21.0
4910,16.0
4911,23.0
4912,17.0
4913,11.0
4914,18.0
4915,12.0
4916,27.0
4917,43.0
4918,35.0
4919,37.0
4920,25.0
4921,24.0
4922,38.0
4923,27.0
4924,42.0
4925,40.0
4926,26.0
4927,50.0
4928,56.0
4929,68.0
4930,113.0
4931,101.0
4932,64.0
4933,116.0
4934,114.0
4935,99.0
4936,104.0
4937,72.0
4938,55.0
4939,65.0
4940,30.0
4941,39.0
4942,38.0
4943,59.0
4944,38.0
4945,34.0
4946,36.0
4947,47.0
4948,26.0
4949,33.0
4950,41.0
4951,20.0
4952,42.0
4953,40.0
4954,32.0
4955,37.0
4956,26.0
4957,20.0
4958,29.0
4959,46.0
4960,52.0
4961,37.0
4962,34.0
4963,30.0
4964,40.0
4965,36.0
4966,69.0
4967,44.0
4968,42.0
4969,31.0
4970,39.0
4971,39.0
4972,40.0
4973,41.0
4974,56.0
4975,42.0
4976,37.0
4977,39.0
4978,24.0
4979,32.0
4980,22.0
4981,19.0
4982,33.0
4983,30.0
4984,41.0
4985,55.0
4986,29.0
4987,18.0
4988,34.0
4989,33.0
4990,30.0
4991,24.0
4992,39.0
4993,39.0
4994,35.0
4995,20.0
4996,30.0
4997,27.0
4998,45.0
4999,32.0
5000,31.0
5001,21.0
5002,26.0
5003,28.0
5004,29.0
5005,14.0
5006,12.0
5007,15.0
5008,11.0
5009,15.0
5010,30.0
5011,24.0
5012,33.0
5013,26.0
5014,20.0
5015,23.0
5016,25.0
5017,37.0
5018,14.0
5019,22.0
5020,34.0
5021,32.0
5022,44.0
5023,35.0
5024,35.0
5025,45.0
5026,44.0
5027,45.0
5028,54.0
5029,42.0
5030,29.0
5031,31.0
5032,42.0
5033,49.0
5034,44.0
5035,30.0
5036,43.0
5037,50.0
5038,46.0
5039,46.0
5040,49.0
5041,34.0
5042,46.0
5043,30.0
5044,23.0
5045,36.0
5046,27.0
5047,24.0
5048,36.0
5049,39.0
5050,27.0
5051,37.0
5052,32.0
5053,28.0
5054,48.0
5055,56.0
5056,37.0
5057,46.0
5058,57.0
5059,80.0
5060,68.0
5061,62.0
5062,42.0
5063,63.0
5064,42.0
5065,44.0
5066,71.0
5067,47.0
5068,44.0
5069,39.0
5070,34.0
5071,17.0
5072,7.0
5073,12.0
5074,11.0
5075,14.0
5076,11.0
5077,8.0
5078,14.0
5079,20.0
5080,22.0
5081,17.0
5082,18.0
5083,21.0
5084,33.0
5085,23.0
5086,26.0
5087,57.0
5088,47.0
5089,41.0
5090,58.0
5091,56.0
5092,59.0
5093,52.0
5094,44.0
5095,36.0
5096,16.0
5097,35.0
5098,23.0
5099,34.0
5100,24.0
5101,17.0
5102,23.0
5103,31.0
5104,30.0
5105,19.0
5106,16.0
5107,15.0
5108,14.0
5109,13.0
5110,19.0
5111,22.0
5112,39.0
5113,32.0
5114,36.0
5115,39.0
5116,36.0
5117,46.0
5118,48.0
5119,29.0
5120,50.0
5121,61.0
5122,45.0
5123,38.0
5124,35.0
5125,34.0
5126,32.0
5127,18.0
5128,18.0
5129,21.0
5130,24.0
5131,27.0
5132,30.0
5133,23.0
5134,28.0
5135,32.0
5136,12.0
5137,39.0
5138,19.0
5139,39.0
5140,45.0
5141,43.0
5142,47.0
5143,63.0
5144,51.0
5145,48.0
5146,42.0
5147,37.0
5148,31.0
5149,45.0
5150,44.0
5151,27.0
5152,38.0
5153,29.0
5154,26.0
5155,30.0
5156,29.0
5157,28.0
5158,36.0
5159,26.0
5160,22.0
5161,34.0
5162,27.0
5163,24.0
5164,38.0
5165,38.0
5166,39.0
5167,49.0
5168,39.0
5169,49.0
5170,66.0
5171,64.0
5172,59.0
5173,31.0
5174,41.0
5175,40.0
5176,35.0
5177,34.0
5178,35.0
5179,44.0
5180,50.0
5181,53.0
5182,40.0
5183,38.0
5184,33.0
5185,34.0
5186,47.0
5187,41.0
5188,51.0
5189,42.0
5190,43.0
5191,29.0
5192,42.0
5193,29.0
5194,30.0
5195,25.0
5196,41.0
5197,21.0
5198,26.0
5199,32.0
5200,38.0
5201,20.0
5202,27.0
5203,29.0
5204,30.0
5205,31.0
5206,34.0
5207,29.0
5208,20.0
5209,32.0
5210,28.0
5211,28.0
5212,34.0
5213,17.0
5214,25.0
5215,33.0
5216,19.0
5217,28.0
5218,28.0
5219,17.0
5220,27.0
5221,21.0
5222,41.0
5223,21.0
5224,15.0
5225,25.0
5226,28.0
5227,30.0
5228,40.0
5229,41.0
5230,48.0
5231,21.0
5232,35.0
5233,26.0
5234,26.0
5235,20.0
5236,32.0
5237,31.0
5238,36.0
5239,46.0
5240,51.0
5241,69.0
5242,58.0
5243,43.0
5244,48.0
5245,28.0
5246,43.0
5247,31.0
5248,29.0
5249,30.0
5250,22.0
5251,33.0
5252,35.0
5253,30.0
5254,28.0
5255,24.0
5256,16.0
5257,15.0
5258,19.0
5259,27.0
5260,28.0
5261,30.0
5262,19.0
5263,22.0
5264,38.0
5265,64.0
5266,53.0
5267,27.0
5268,31.0
5269,26.0
5270,40.0
5271,50.0
5272,48.0
5273,63.0
5274,50.0
5275,44.0
5276,60.0
5277,56.0
5278,50.0
5279,72.0
5280,53.0
5281,74.0
5282,58.0
5283,57.0
5284,48.0
5285,55.0
5286,32.0
5287,32.0
5288,30.0
5289,33.0
5290,19.0
5291,25.0
5292,39.0
5293,32.0
5294,29.0
5295,28.0
5296,30.0
5297,36.0
5298,34.0
5299,34.0
5300,37.0
5301,57.0
5302,27.0
5303,31.0
5304,22.0
5305,28.0
5306,26.0
5307,48.0
5308,37.0
5309,28.0
5310,33.0
5311,21.0
5312,26.0
5313,33.0
5314,25.0
5315,30.0
5316,30.0
5317,27.0
5318,20.0
5319,35.0
5320,48.0
5321,70.0
5322,66.0
5323,66.0
5324,75.0
5325,60.0
5326,46.0
5327,36.0
5328,46.0
5329,32.0
5330,30.0
5331,39.0
5332,22.0
5333,35.0
5334,28.0
5335,32.0
5336,42.0
5337,21.0
5338,34.0
5339,23.0
5340,23.0
5341,13.0
5342,15.0
5343,17.0
5344,28.0
5345,19.0
5346,26.0
5347,12.0
5348,18.0
5349,25.0
5350,26.0
5351,31.0
5352,31.0
5353,26.0
5354,19.0
5355,21.0
5356,17.0
5357,16.0
5358,23.0
5359,18.0
5360,26.0
5361,21.0
5362,16.0
5363,30.0
5364,16.0
5365,21.0
5366,35.0
5367,34.0
5368,52.0
5369,19.0
5370,38.0
5371,24.0
5372,40.0
5373,43.0
5374,40.0
5375,33.0
5376,39.0
5377,35.0
5378,31.0
5379,34.0
5380,41.0
5381,51.0
5382,58.0
5383,40.0
5384,42.0
5385,49.0
5386,47.0
5387,32.0
5388,34.0
5389,38.0
5390,38.0
5391,31.0
5392,29.0
5393,32.0
5394,32.0
5395,20.0
5396,22.0
5397,32.0
5398,32.0
5399,27.0
5400,28.0
5401,29.0
5402,29.0
5403,30.0
5404,38.0
5405,36.0
5406,19.0
5407,18.0
5408,22.0
5409,18.0
5410,21.0
5411,24.0
5412,27.0
5413,16.0
5414,24.0
5415,31.0
5416,39.0
5417,54.0
5418,51.0
5419,59.0
5420,38.0
5421,31.0
5422,28.0
5423,35.0
5424,31.0
5425,37.0
5426,44.0
5427,29.0
5428,32.0
5429,45.0
5430,34.0
5431,55.0
5432,33.0
5433,45.0
5434,34.0
5435,32.0
5436,33.0
5437,28.0
5438,42.0
5439,53.0
5440,37.0
5441,50.0
5442,64.0
5443,87.0
5444,111.0
5445,99.0
5446,82.0
5447,117.0
5448,140.0
5449,106.0
5450,102.0
5451,99.0
5452,74.0
5453,73.0
5454,64.0
5455,66.0
5456,85.0
5457,77.0
5458,62.0
5459,70.0
5460,28.0
5461,28.0
5462,24.0
5463,36.0
5464,22.0
5465,13.0
5466,19.0
5467,18.0
5468,18.0
5469,23.0
5470,16.0
5471,30.0
5472,29.0
5473,33.0
5474,27.0
5475,25.0
5476,39.0
5477,35.0
5478,54.0
5479,36.0
5480,53.0
5481,44.0
5482,62.0
5483,63.0
5484,82.0
5485,102.0
5486,53.0
5487,55.0
5488,58.0
5489,57.0
5490,37.0
5491,38.0
5492,28.0
5493,36.0
5494,25.0
5495,17.0
5496,18.0
5497,21.0
5498,15.0
5499,19.0
5500,14.0
5501,14.0
5502,19.0
5503,23.0
5504,45.0
5505,37.0
5506,48.0
5507,42.0
5508,55.0
5509,55.0
5510,40.0
5511,43.0
5512,67.0
5513,69.0
5514,84.0
5515,111.0
5516,64.0
5517,71.0
5518,46.0
5519,42.0
5520,32.0
5521,43.0
5522,33.0
5523,26.0
5524,19.0
5525,13.0
5526,18.0
5527,14.0
5528,20.0
5529,11.0
5530,16.0
5531,17.0
5532,9.0
5533,24.0
5534,13.0
5535,24.0
5536,14.0
5537,25.0
5538,25.0
5539,26.0
5540,38.0
5541,21.0
5542,35.0
5543,17.0
5544,24.0
5545,19.0
5546,16.0
5547,15.0
5548,29.0
5549,23.0
5550,22.0
5551,14.0
5552,17.0
5553,14.0
5554,19.0
5555,23.0
5556,22.0
5557,25.0
5558,35.0
5559,35.0
5560,36.0
5561,10.0
5562,21.0
5563,25.0
5564,52.0
5565,47.0
5566,66.0
5567,59.0
5568,71.0
5569,98.0
5570,65.0
5571,65.0
5572,66.0
5573,68.0
5574,89.0
5575,94.0
5576,78.0
5577,58.0
5578,73.0
5579,49.0
5580,64.0
5581,46.0
5582,29.0
5583,36.0
5584,28.0
5585,42.0
5586,26.0
5587,25.0
5588,23.0
5589,31.0
5590,36.0
5591,33.0
5592,18.0
5593,27.0
5594,25.0
5595,16.0
5596,25.0
5597,33.0
5598,32.0
5599,29.0
5600,52.0
5601,33.0
5602,77.0
5603,51.0
5604,57.0
5605,68.0
5606,52.0
5607,46.0
5608,47.0
5609,65.0
5610,59.0
5611,59.0
5612,57.0
5613,38.0
5614,39.0
5615,19.0
5616,27.0
5617,31.0
5618,25.0
5619,29.0
5620,35.0
5621,24.0
5622,25.0
5623,29.0
5624,17.0
5625,20.0
5626,18.0
5627,25.0
5628,20.0
5629,34.0
5630,37.0
5631,45.0
5632,53.0
5633,64.0
5634,53.0
5635,53.0
5636,51.0
5637,33.0
5638,26.0
5639,19.0
5640,25.0
5641,29.0
5642,18.0
5643,15.0
5644,16.0
5645,17.0
5646,16.0
5647,21.0
5648,12.0
5649,6.0
5650,11.0
5651,15.0
5652,24.0
5653,12.0
5654,24.0
5655,32.0
5656,31.0
5657,32.0
5658,23.0
5659,42.0
5660,53.0
5661,38.0
5662,48.0
5663,77.0
5664,74.0
5665,101.0
5666,89.0
5667,70.0
5668,68.0
5669,25.0
5670,36.0
5671,39.0
5672,47.0
5673,55.0
5674,27.0
5675,34.0
5676,26.0
5677,15.0
5678,19.0
5679,20.0
5680,26.0
5681,25.0
5682,22.0
5683,22.0
5684,33.0
5685,26.0
5686,33.0
5687,51.0
5688,34.0
5689,31.0
5690,19.0
5691,28.0
5692,30.0
5693,43.0
5694,47.0
5695,61.0
5696,36.0
5697,57.0
5698,51.0
5699,48.0
5700,50.0
5701,37.0
5702,39.0
5703,28.0
5704,40.0
5705,38.0
5706,25.0
5707,15.0
5708,27.0
5709,10.0
5710,17.0
5711,18.0
5712,24.0
5713,14.0
5714,12.0
5715,14.0
5716,14.0
5717,13.0
5718,15.0
5719,21.0
5720,31.0
5721,25.0
5722,48.0
5723,42.0
5724,44.0
5725,72.0
5726,65.0
5727,64.0
5728,44.0
5729,40.0
5730,33.0
5731,29.0
5732,33.0
5733,37.0
5734,52.0
5735,41.0
5736,34.0
5737,24.0
5738,21.0
5739,20.0
5740,18.0
5741,19.0
5742,30.0
5743,23.0
5744,23.0
5745,33.0
5746,40.0
5747,25.0
5748,21.0
5749,32.0
5750,32.0
5751,33.0
5752,38.0
5753,69.0
5754,61.0
5755,86.0
5756,114.0
5757,67.0
5758,84.0
5759,87.0
5760,65.0
5761,81.0
5762,71.0
5763,47.0
5764,55.0
5765,51.0
5766,40.0
5767,38.0
5768,42.0
5769,50.0
5770,53.0
5771,49.0
5772,56.0
5773,35.0
5774,21.0
5775,21.0
5776,27.0
5777,16.0
5778,16.0
5779,15.0
5780,19.0
5781,20.0
5782,33.0
5783,45.0
5784,35.0
5785,29.0
5786,36.0
5787,39.0
5788,43.0
5789,35.0
5790,50.0
5791,59.0
5792,54.0
5793,61.0
5794,59.0
5795,59.0
5796,59.0
5797,53.0
5798,56.0
5799,36.0
5800,31.0
5801,32.0
5802,22.0
5803,24.0
5804,41.0
5805,27.0
5806,27.0
5807,19.0
5808,18.0
5809,36.0
5810,33.0
5811,20.0
5812,24.0
5813,31.0
5814,24.0
5815,36.0
5816,36.0
5817,31.0
5818,58.0
5819,82.0
5820,73.0
5821,61.0
5822,54.0
5823,39.0
5824,31.0
5825,32.0
5826,28.0
5827,18.0
5828,19.0
5829,19.0
5830,15.0
5831,18.0
5832,31.0
5833,19.0
5834,31.0
5835,25.0
5836,38.0
5837,46.0
5838,31.0
5839,25.0
5840,32.0
5841,34.0
5842,24.0
5843,25.0
5844,41.0
5845,31.0
5846,20.0
5847,29.0
5848,29.0
5849,29.0
5850,26.0
5851,21.0
5852,17.0
5853,17.0
5854,20.0
5855,29.0
5856,17.0
5857,23.0
5858,25.0
5859,31.0
5860,39.0
5861,42.0
5862,40.0
5863,53.0
5864,43.0
5865,51.0
5866,40.0
5867,57.0
5868,79.0
5869,41.0
5870,38.0
5871,28.0
5872,29.0
5873,41.0
5874,36.0
5875,35.0
5876,40.0
5877,27.0
5878,31.0
5879,20.0
5880,41.0
5881,41.0
5882,49.0
5883,34.0
5884,30.0
5885,27.0
5886,25.0
5887,19.0
5888,23.0
5889,27.0
5890,23.0
5891,21.0
5892,18.0
5893,12.0
5894,16.0
5895,17.0
5896,30.0
5897,20.0
5898,25.0
5899,35.0
5900,48.0
5901,81.0
5902,66.0
5903,64.0
5904,73.0
5905,89.0
5906,86.0
5907,70.0
5908,51.0
5909,57.0
5910,36.0
5911,52.0
5912,83.0
5913,87.0
5914,59.0
5915,49.0
5916,34.0
5917,37.0
5918,30.0
5919,24.0
5920,24.0
5921,18.0
5922,17.0
5923,29.0
5924,21.0
5925,32.0
5926,36.0
5927,41.0
5928,42.0
5929,40.0
5930,36.0
5931,31.0
5932,39.0
5933,51.0
5934,49.0
5935,55.0
5936,51.0
5937,94.0
5938,57.0
5939,82.0
5940,83.0
5941,83.0
5942,78.0
5943,64.0
5944,63.0
5945,44.0
5946,48.0
5947,64.0
5948,33.0
5949,42.0
5950,55.0
5951,46.0
5952,60.0
5953,57.0
5954,38.0
5955,46.0
5956,51.0
5957,39.0
5958,30.0
5959,23.0
5960,17.0
5961,16.0
5962,40.0
5963,41.0
5964,24.0
5965,37.0
5966,31.0
5967,29.0
5968,23.0
5969,18.0
5970,16.0
5971,22.0
5972,21.0
5973,24.0
5974,14.0
5975,13.0
5976,9.0
5977,10.0
5978,19.0
5979,21.0
5980,24.0
5981,34.0
5982,35.0
5983,22.0
5984,23.0
5985,40.0
5986,37.0
5987,36.0
5988,27.0
5989,23.0
5990,24.0
5991,22.0
5992,33.0
5993,51.0
5994,46.0
5995,37.0
5996,42.0
5997,39.0
5998,36.0
5999,34.0
6000,39.0
6001,35.0
6002,18.0
6003,14.0
6004,21.0
6005,35.0
6006,46.0
6007,40.0
6008,57.0
6009,50.0
6010,28.0
6011,21.0
6012,14.0
6013,16.0
6014,15.0
6015,35.0
6016,21.0
6017,16.0
6018,10.0
6019,16.0
6020,18.0
6021,30.0
6022,16.0
6023,35.0
6024,29.0
6025,30.0
6026,45.0
6027,44.0
6028,43.0
6029,46.0
6030,55.0
6031,47.0
6032,45.0
6033,49.0
6034,33.0
6035,26.0
6036,46.0
6037,32.0
6038,38.0
6039,36.0
6040,34.0
6041,20.0
6042,19.0
6043,10.0
6044,12.0
6045,19.0
6046,23.0
6047,25.0
6048,15.0
6049,27.0
6050,17.0
6051,27.0
6052,39.0
6053,24.0
6054,36.0
6055,37.0
6056,54.0
6057,50.0
6058,80.0
6059,92.0
6060,71.0
6061,38.0
6062,24.0
6063,27.0
6064,30.0
6065,29.0
6066,27.0
6067,25.0
6068,15.0
6069,10.0
6070,14.0
6071,22.0
6072,19.0
6073,13.0
6074,30.0
6075,30.0
6076,27.0
6077,18.0
6078,23.0
6079,18.0
6080,23.0
6081,22.0
6082,20.0
6083,14.0
6084,12.0
6085,23.0
6086,22.0
6087,34.0
6088,25.0
6089,28.0
6090,23.0
6091,47.0
6092,48.0
6093,41.0
6094,54.0
6095,56.0
6096,65.0
6097,58.0
6098,70.0
6099,44.0
6100,36.0
6101,42.0
6102,54.0
6103,49.0
6104,46.0
6105,36.0
6106,38.0
6107,26.0
6108,33.0
6109,30.0
6110,29.0
6111,44.0
6112,50.0
6113,41.0
6114,54.0
6115,58.0
6116,33.0
6117,52.0
6118,47.0
6119,52.0
6120,61.0
6121,53.0
6122,62.0
6123,72.0
6124,59.0
6125,86.0
6126,60.0
6127,56.0
6128,59.0
6129,49.0
6130,33.0
6131,27.0
6132,35.0
6133,31.0
6134,21.0
6135,23.0
6136,25.0
6137,28.0
6138,28.0
6139,24.0
6140,17.0
6141,18.0
6142,32.0
6143,64.0
6144,45.0
6145,50.0
6146,47.0
6147,28.0
6148,23.0
6149,17.0
6150,27.0
6151,19.0
6152,23.0
6153,16.0
6154,15.0
6155,33.0
6156,28.0
6157,37.0
6158,24.0
6159,31.0
6160,33.0
6161,14.0
6162,45.0
6163,28.0
6164,31.0
6165,21.0
6166,14.0
6167,27.0
6168,30.0
6169,36.0
6170,52.0
6171,48.0
6172,44.0
6173,37.0
6174,27.0
6175,62.0
6176,42.0
6177,58.0
6178,17.0
6179,27.0
6180,36.0
6181,44.0
6182,43.0
6183,50.0
6184,72.0
6185,48.0
6186,40.0
6187,43.0
6188,51.0
6189,39.0
6190,25.0
6191,29.0
6192,21.0
6193,24.0
6194,18.0
6195,17.0
6196,25.0
6197,25.0
6198,34.0
6199,40.0
6200,27.0
6201,28.0
6202,39.0
6203,40.0
6204,44.0
6205,69.0
6206,64.0
6207,44.0
6208,38.0
6209,41.0
6210,38.0
6211,64.0
6212,58.0
6213,47.0
6214,32.0
6215,24.0
6216,18.0
6217,20.0
6218,22.0
6219,21.0
6220,31.0
6221,29.0
6222,27.0
6223,31.0
6224,28.0
6225,20.0
6226,31.0
6227,38.0
6228,45.0
6229,33.0
6230,33.0
6231,47.0
6232,38.0
6233,38.0
6234,45.0
6235,40.0
6236,38.0
6237,44.0
6238,52.0
6239,56.0
6240,45.0
6241,51.0
6242,35.0
6243,50.0
6244,35.0
6245,24.0
6246,39.0
6247,20.0
6248,20.0
6249,11.0
6250,12.0
6251,17.0
6252,16.0
6253,13.0
6254,11.0
6255,7.0
6256,18.0
6257,27.0
6258,30.0
6259,26.0
6260,22.0
6261,27.0
6262,35.0
6263,46.0
6264,33.0
6265,47.0
6266,50.0
6267,41.0
6268,49.0
6269,51.0
6270,64.0
6271,48.0
6272,36.0
6273,44.0
6274,49.0
6275,55.0
6276,42.0
6277,59.0
6278,57.0
6279,56.0
6280,38.0
6281,38.0
6282,41.0
6283,34.0
6284,32.0
6285,40.0
6286,26.0
6287,43.0
6288,42.0
6289,27.0
6290,34.0
6291,15.0
6292,24.0
6293,30.0
6294,28.0
6295,26.0
6296,22.0
6297,22.0
6298,46.0
6299,53.0
6300,29.0
6301,26.0
6302,20.0
6303,11.0
6304,17.0
6305,18.0
6306,20.0
6307,22.0
6308,18.0
6309,9.0
6310,23.0
6311,10.0
6312,22.0
6313,33.0
6314,32.0
6315,27.0
6316,21.0
6317,14.0
6318,15.0
6319,28.0
6320,37.0
6321,27.0
6322,62.0
6323,45.0
6324,58.0
6325,81.0
6326,56.0
6327,69.0
6328,67.0
6329,64.0
6330,65.0
6331,63.0
6332,52.0
6333,33.0
6334,32.0
6335,37.0
6336,13.0
6337,18.0
6338,14.0
6339,16.0
6340,7.0
6341,15.0
6342,10.0
6343,5.0
6344,16.0
6345,13.0
6346,15.0
6347,13.0
6348,14.0
6349,14.0
6350,16.0
6351,10.0
6352,16.0
6353,37.0
6354,44.0
6355,41.0
6356,40.0
6357,70.0
6358,68.0
6359,107.0
6360,132.0
6361,114.0
6362,99.0
6363,127.0
6364,98.0
6365,77.0
6366,86.0
6367,67.0
6368,70.0
6369,55.0
6370,56.0
6371,55.0
6372,49.0
6373,31.0
6374,29.0
6375,24.0
6376,30.0
6377,16.0
6378,22.0
6379,25.0
6380,20.0
6381,25.0
6382,24.0
6383,24.0
6384,19.0
6385,24.0
6386,24.0
6387,40.0
6388,37.0
6389,55.0
6390,45.0
6391,59.0
6392,52.0
6393,67.0
6394,60.0
6395,52.0
6396,49.0
6397,54.0
6398,49.0
6399,42.0
6400,29.0
6401,30.0
6402,34.0
6403,37.0
6404,31.0
6405,18.0
6406,25.0
6407,25.0
6408,11.0
6409,18.0
6410,19.0
6411,16.0
6412,10.0
6413,14.0
6414,24.0
6415,22.0
6416,31.0
6417,34.0
6418,29.0
6419,29.0
6420,34.0
6421,34.0
6422,34.0
6423,46.0
6424,63.0
6425,70.0
6426,48.0
6427,47.0
6428,29.0
6429,24.0
6430,35.0
6431,41.0
6432,31.0
6433,16.0
6434,16.0
6435,23.0
6436,32.0
6437,25.0
6438,21.0
6439,22.0
6440,25.0
6441,14.0
6442,23.0
6443,18.0
6444,14.0
6445,15.0
6446,28.0
6447,45.0
6448,34.0
6449,22.0
6450,31.0
6451,32.0
6452,38.0
6453,34.0
6454,72.0
6455,56.0
6456,83.0
6457,63.0
6458,74.0
6459,67.0
6460,70.0
6461,80.0
6462,46.0
6463,34.0
6464,31.0
6465,29.0
6466,26.0
6467,33.0
6468,35.0
6469,40.0
6470,27.0
6471,19.0
6472,25.0
6473,14.0
6474,11.0
6475,17.0
6476,16.0
6477,17.0
6478,17.0
6479,20.0
6480,39.0
6481,23.0
6482,32.0
6483,42.0
6484,35.0
6485,41.0
6486,30.0
6487,58.0
6488,39.0
6489,52.0
6490,44.0
6491,42.0
6492,46.0
6493,40.0
6494,49.0
6495,36.0
6496,24.0
6497,36.0
6498,34.0
6499,30.0
6500,25.0
6501,36.0
6502,35.0
6503,31.0
6504,22.0
6505,23.0
6506,27.0
6507,35.0
6508,46.0
6509,33.0
6510,45.0
6511,31.0
6512,37.0
6513,35.0
6514,30.0
6515,35.0
6516,22.0
6517,51.0
6518,30.0
6519,53.0
6520,50.0
6521,72.0
6522,107.0
6523,79.0
6524,110.0
6525,142.0
6526,70.0
6527,98.0
6528,91.0
6529,63.0
6530,62.0
6531,59.0
6532,63.0
6533,38.0
6534,33.0
6535,41.0
6536,27.0
6537,34.0
6538,31.0
6539,41.0
6540,47.0
6541,42.0
6542,39.0
6543,65.0
6544,35.0
6545,42.0
6546,47.0
6547,51.0
6548,40.0
6549,36.0
6550,36.0
6551,30.0
6552,28.0
6553,35.0
6554,93.0
6555,68.0
6556,56.0
6557,77.0
6558,60.0
6559,53.0
6560,54.0
6561,64.0
6562,50.0
6563,33.0
6564,40.0
6565,40.0
6566,44.0
6567,43.0
6568,42.0
6569,41.0
6570,47.0
6571,34.0
6572,49.0
6573,49.0
6574,42.0
6575,52.0
6576,30.0
6577,44.0
6578,39.0
6579,31.0
6580,26.0
6581,37.0
6582,35.0
6583,37.0
6584,38.0
6585,44.0
6586,50.0
6587,56.0
6588,39.0
6589,47.0
6590,52.0
6591,46.0
6592,28.0
6593,27.0
6594,31.0
6595,18.0
6596,14.0
6597,12.0
6598,17.0
6599,17.0
6600,14.0
6601,13.0
6602,31.0
6603,20.0
6604,22.0
6605,14.0
6606,29.0
6607,18.0
6608,22.0
6609,21.0
6610,20.0
6611,26.0
6612,21.0
6613,37.0
6614,34.0
6615,32.0
6616,56.0
6617,41.0
6618,75.0
6619,68.0
6620,47.0
6621,76.0
6622,60.0
6623,71.0
6624,73.0
6625,110.0
6626,90.0
6627,79.0
6628,55.0
6629,70.0
6630,38.0
6631,29.0
6632,34.0
6633,45.0
6634,51.0
6635,27.0
6636,42.0
6637,42.0
6638,21.0
6639,35.0
6640,27.0
6641,33.0
6642,19.0
6643,42.0
6644,34.0
6645,33.0
6646,23.0
6647,34.0
6648,25.0
6649,33.0
6650,47.0
6651,66.0
6652,56.0
6653,64.0
6654,61.0
6655,62.0
6656,70.0
6657,62.0
6658,46.0
6659,55.0
6660,25.0
6661,44.0
6662,29.0
6663,39.0
6664,48.0
6665,25.0
6666,27.0
6667,32.0
6668,30.0
6669,27.0
6670,19.0
6671,22.0
6672,17.0
6673,19.0
6674,21.0
6675,22.0
6676,22.0
6677,20.0
6678,11.0
6679,18.0
6680,27.0
6681,47.0
6682,58.0
6683,71.0
6684,68.0
6685,81.0
6686,76.0
6687,73.0
6688,62.0
6689,71.0
6690,67.0
6691,66.0
6692,77.0
6693,80.0
6694,80.0
6695,76.0
6696,72.0
6697,40.0
6698,36.0
6699,36.0
6700,46.0
6701,34.0
6702,53.0
6703,35.0
6704,32.0
6705,40.0
6706,26.0
6707,44.0
6708,31.0
6709,28.0
6710,21.0
6711,27.0
6712,24.0
6713,21.0
6714,32.0
6715,34.0
6716,41.0
6717,24.0
6718,26.0
6719,20.0
6720,22.0
6721,23.0
6722,25.0
6723,23.0
6724,27.0
6725,18.0
6726,29.0
6727,39.0
6728,28.0
6729,25.0
6730,19.0
6731,13.0
6732,18.0
6733,23.0
6734,33.0
6735,43.0
6736,40.0
6737,44.0
6738,39.0
6739,30.0
6740,31.0
6741,29.0
6742,47.0
6743,51.0
6744,47.0
6745,41.0
6746,35.0
6747,32.0
6748,35.0
6749,70.0
6750,86.0
6751,78.0
6752,96.0
6753,97.0
6754,84.0
6755,51.0
6756,40.0
6757,42.0
6758,35.0
6759,48.0
6760,44.0
6761,48.0
6762,19.0
6763,26.0
6764,29.0
6765,17.0
6766,15.0
6767,19.0
6768,34.0
6769,23.0
6770,30.0
6771,27.0
6772,20.0
6773,38.0
6774,35.0
6775,31.0
6776,36.0
6777,66.0
6778,56.0
6779,28.0
6780,31.0
6781,25.0
6782,28.0
6783,45.0
6784,29.0
6785,18.0
6786,23.0
6787,20.0
6788,24.0
6789,40.0
6790,37.0
6791,21.0
6792,18.0
6793,29.0
6794,39.0
6795,37.0
6796,36.0
6797,55.0
6798,56.0
6799,51.0
6800,52.0
6801,43.0
6802,44.0
6803,45.0
6804,39.0
6805,36.0
6806,31.0
6807,38.0
6808,38.0
6809,28.0
6810,32.0
6811,26.0
6812,22.0
6813,24.0
6814,20.0
6815,18.0
6816,29.0
6817,26.0
6818,13.0
6819,24.0
6820,16.0
6821,20.0
6822,20.0
6823,13.0
6824,16.0
6825,6.0
6826,10.0
6827,15.0
6828,8.0
6829,14.0
6830,11.0
6831,18.0
6832,16.0
6833,18.0
6834,28.0
6835,16.0
6836,32.0
6837,25.0
6838,26.0
6839,32.0
6840,27.0
6841,31.0
6842,46.0
6843,41.0
6844,35.0
6845,38.0
6846,31.0
6847,29.0
6848,14.0
6849,31.0
6850,20.0
6851,25.0
6852,39.0
6853,41.0
6854,39.0
6855,28.0
6856,28.0
6857,44.0
6858,52.0
6859,47.0
6860,64.0
6861,47.0
6862,45.0
6863,51.0
6864,77.0
6865,79.0
6866,47.0
6867,36.0
6868,49.0
6869,69.0
6870,51.0
6871,36.0
6872,39.0
6873,22.0
6874,43.0
6875,43.0
6876,33.0
6877,29.0
6878,19.0
6879,28.0
6880,26.0
6881,29.0
6882,29.0
6883,53.0
6884,49.0
6885,41.0
6886,34.0
6887,25.0
6888,17.0
6889,28.0
6890,31.0
6891,13.0
6892,17.0
6893,18.0
6894,23.0
6895,39.0
6896,43.0
6897,36.0
6898,31.0
6899,32.0
6900,30.0
6901,59.0
6902,59.0
6903,43.0
6904,63.0
6905,30.0
6906,41.0
6907,33.0
6908,29.0
6909,25.0
6910,23.0
6911,28.0
6912,30.0
6913,30.0
6914,27.0
6915,45.0
6916,50.0
6917,44.0
6918,29.0
6919,23.0
6920,21.0
6921,22.0
6922,27.0
6923,51.0
6924,61.0
6925,74.0
6926,82.0
6927,65.0
6928,52.0
6929,37.0
6930,20.0
6931,31.0
6932,33.0
6933,35.0
6934,21.0
6935,26.0
6936,29.0
6937,21.0
6938,18.0
6939,31.0
6940,19.0
6941,32.0
6942,14.0
6943,25.0
6944,16.0
6945,21.0
6946,34.0
6947,45.0
6948,56.0
6949,85.0
6950,71.0
6951,78.0
6952,43.0
6953,77.0
6954,58.0
6955,80.0
6956,70.0
6957,94.0
6958,78.0
6959,47.0
6960,56.0
6961,46.0
6962,51.0
6963,54.0
6964,51.0
6965,30.0
6966,31.0
6967,28.0
6968,29.0
6969,25.0
6970,20.0
6971,19.0
6972,36.0
6973,32.0
6974,18.0
6975,22.0
6976,15.0
6977,15.0
6978,11.0
6979,16.0
6980,19.0
6981,28.0
6982,32.0
6983,49.0
6984,36.0
6985,40.0
6986,59.0
6987,46.0
6988,29.0
6989,36.0
6990,35.0
6991,26.0
6992,19.0
6993,28.0
6994,22.0
6995,17.0
6996,29.0
6997,19.0
6998,11.0
6999,19.0
7000,12.0
7001,11.0
7002,10.0
7003,16.0
7004,9.0
7005,13.0
7006,14.0
7007,18.0
7008,16.0
7009,20.0
7010,22.0
7011,31.0
7012,23.0
7013,34.0
7014,31.0
7015,20.0
7016,37.0
7017,42.0
7018,31.0
7019,34.0
7020,68.0
7021,51.0
7022,67.0
7023,54.0
7024,53.0
7025,41.0
7026,33.0
7027,49.0
7028,50.0
7029,60.0
7030,73.0
7031,86.0
7032,85.0
7033,84.0
7034,77.0
7035,64.0
7036,123.0
7037,84.0
7038,93.0
7039,96.0
7040,80.0
7041,52.0
7042,59.0
7043,56.0
7044,43.0
7045,34.0
7046,57.0
7047,64.0
7048,70.0
7049,67.0
7050,37.0
7051,38.0
7052,36.0
7053,42.0
7054,48.0
7055,51.0
7056,37.0
7057,25.0
7058,26.0
7059,20.0
7060,36.0
7061,34.0
7062,22.0
7063,32.0
7064,21.0
7065,19.0
7066,36.0
7067,27.0
7068,19.0
7069,11.0
7070,32.0
7071,9.0
7072,45.0
7073,65.0
7074,50.0
7075,27.0
7076,27.0
7077,29.0
7078,37.0
7079,36.0
7080,23.0
7081,22.0
7082,19.0
7083,15.0
7084,20.0
7085,19.0
7086,16.0
7087,9.0
7088,11.0
7089,6.0
7090,19.0
7091,16.0
7092,13.0
7093,12.0
7094,14.0
7095,22.0
7096,21.0
7097,19.0
7098,22.0
7099,18.0
7100,32.0
7101,25.0
7102,32.0
7103,48.0
7104,58.0
7105,46.0
7106,64.0
7107,52.0
7108,43.0
7109,37.0
7110,42.0
7111,38.0
7112,47.0
7113,33.0
7114,24.0
7115,28.0
7116,44.0
7117,15.0
7118,18.0
7119,29.0
7120,17.0
7121,15.0
7122,7.0
7123,10.0
7124,22.0
7125,15.0
7126,14.0
7127,13.0
7128,14.0
7129,12.0
7130,9.0
7131,20.0
7132,15.0
7133,19.0
7134,21.0
7135,17.0
7136,16.0
7137,23.0
7138,40.0
7139,23.0
7140,32.0
7141,26.0
7142,30.0
7143,15.0
7144,21.0
7145,21.0
7146,25.0
7147,10.0
7148,14.0
7149,16.0
7150,18.0
7151,17.0
7152,25.0
7153,16.0
7154,25.0
7155,25.0
7156,29.0
7157,43.0
7158,26.0
7159,27.0
7160,36.0
7161,23.0
7162,27.0
7163,37.0
7164,32.0
7165,28.0
7166,21.0
7167,34.0
7168,36.0
7169,35.0
7170,17.0
7171,27.0
7172,38.0
7173,38.0
7174,36.0
7175,17.0
7176,16.0
7177,18.0
7178,14.0
7179,18.0
7180,14.0
7181,17.0
7182,9.0
7183,13.0
7184,14.0
7185,17.0
7186,16.0
7187,17.0
7188,22.0
7189,16.0
7190,33.0
7191,23.0
7192,18.0
7193,31.0
7194,35.0
7195,67.0
7196,99.0
7197,87.0
7198,74.0
7199,58.0
7200,52.0
7201,68.0
7202,72.0
7203,93.0
7204,57.0
7205,54.0
7206,44.0
7207,42.0
7208,25.0
7209,17.0
7210,16.0
7211,17.0
7212,15.0
7213,15.0
7214,18.0
7215,13.0
7216,18.0
7217,26.0
7218,19.0
7219,20.0
7220,29.0
7221,21.0
7222,50.0
7223,80.0
7224,44.0
7225,65.0
7226,96.0
7227,99.0
7228,89.0
7229,94.0
7230,60.0
7231,55.0
7232,63.0
7233,70.0
7234,74.0
7235,64.0
7236,65.0
7237,34.0
7238,29.0
7239,38.0
7240,28.0
7241,31.0
7242,23.0
7243,17.0
7244,26.0
7245,15.0
7246,24.0
7247,29.0
7248,26.0
7249,21.0
7250,20.0
7251,18.0
7252,17.0
7253,16.0
7254,20.0
7255,28.0
7256,28.0
7257,20.0
7258,38.0
7259,23.0
7260,33.0
7261,41.0
7262,51.0
7263,60.0
7264,55.0
7265,45.0
7266,40.0
7267,58.0
7268,50.0
7269,40.0
7270,38.0
7271,35.0
7272,30.0
7273,24.0
7274,37.0
7275,14.0
7276,25.0
7277,18.0
7278,13.0
7279,7.0
7280,14.0
7281,11.0
7282,18.0
7283,14.0
7284,16.0
7285,28.0
7286,23.0
7287,22.0
7288,24.0
7289,29.0
7290,17.0
7291,20.0
7292,39.0
7293,41.0
7294,41.0
7295,34.0
7296,25.0
7297,29.0
7298,27.0
7299,31.0
7300,39.0
7301,39.0
7302,20.0
7303,29.0
7304,30.0
7305,43.0
7306,75.0
7307,69.0
7308,81.0
7309,45.0
7310,26.0
7311,31.0
7312,13.0
7313,20.0
7314,36.0
7315,34.0
7316,13.0
7317,22.0
7318,22.0
7319,24.0
7320,19.0
7321,23.0
7322,25.0
7323,38.0
7324,20.0
7325,20.0
7326,13.0
7327,17.0
7328,20.0
7329,27.0
7330,29.0
7331,32.0
7332,38.0
7333,33.0
7334,36.0
7335,24.0
7336,21.0
7337,15.0
7338,15.0
7339,24.0
7340,20.0
7341,27.0
7342,26.0
7343,27.0
7344,22.0
7345,35.0
7346,33.0
7347,46.0
7348,31.0
7349,45.0
7350,46.0
7351,39.0
7352,48.0
7353,53.0
7354,39.0
7355,27.0
7356,31.0
7357,24.0
7358,30.0
7359,23.0
7360,27.0
7361,23.0
7362,33.0
7363,19.0
7364,31.0
7365,36.0
7366,32.0
7367,28.0
7368,33.0
7369,26.0
7370,19.0
7371,26.0
7372,44.0
7373,30.0
7374,34.0
7375,69.0
7376,67.0
7377,69.0
7378,53.0
7379,43.0
7380,65.0
7381,45.0
7382,27.0
7383,19.0
7384,15.0
7385,19.0
7386,18.0
7387,12.0
7388,18.0
7389,13.0
7390,18.0
7391,48.0
7392,48.0
7393,32.0
7394,24.0
7395,30.0
7396,35.0
7397,28.0
7398,38.0
7399,36.0
7400,47.0
7401,59.0
7402,44.0
7403,57.0
7404,69.0
7405,60.0
7406,54.0
7407,72.0
7408,62.0
7409,33.0
7410,35.0
7411,16.0
7412,36.0
7413,32.0
7414,35.0
7415,33.0
7416,33.0
7417,19.0
7418,21.0
7419,21.0
7420,28.0
7421,22.0
7422,7.0
7423,11.0
7424,15.0
7425,21.0
7426,5.0
7427,18.0
7428,7.0
7429,5.0
7430,13.0
7431,23.0
7432,30.0
7433,26.0
7434,22.0
7435,46.0
7436,39.0
7437,29.0
7438,50.0
7439,51.0
7440,48.0
7441,59.0
7442,63.0
7443,65.0
7444,55.0
7445,45.0
7446,71.0
7447,41.0
7448,37.0
7449,48.0
7450,27.0
7451,29.0
7452,32.0
7453,18.0
7454,21.0
7455,20.0
7456,24.0
7457,24.0
7458,25.0
7459,30.0
7460,16.0
7461,35.0
7462,21.0
7463,21.0
7464,35.0
7465,28.0
7466,48.0
7467,43.0
7468,48.0
7469,45.0
7470,65.0
7471,29.0
7472,46.0
7473,41.0
7474,33.0
7475,31.0
7476,22.0
7477,22.0
7478,21.0
7479,16.0
7480,10.0
7481,11.0
7482,21.0
7483,19.0
7484,11.0
7485,18.0
7486,14.0
7487,21.0
7488,44.0
7489,18.0
7490,33.0
7491,23.0
7492,31.0
7493,25.0
7494,31.0
7495,39.0
7496,52.0
7497,32.0
7498,38.0
7499,54.0
7500,41.0
7501,34.0
7502,37.0
7503,50.0
7504,52.0
7505,29.0
7506,42.0
7507,36.0
7508,27.0
7509,15.0
7510,24.0
7511,18.0
7512,16.0
7513,16.0
7514,17.0
7515,15.0
7516,20.0
7517,28.0
7518,9.0
7519,22.0
7520,13.0
7521,11.0
7522,14.0
7523,14.0
7524,25.0
7525,23.0
7526,47.0
7527,46.0
7528,64.0
7529,56.0
7530,94.0
7531,54.0
7532,32.0
7533,51.0
7534,61.0
7535,49.0
7536,63.0
7537,51.0
7538,49.0
7539,32.0
7540,32.0
7541,46.0
7542,50.0
7543,38.0
7544,32.0
7545,32.0
7546,31.0
7547,18.0
7548,26.0
7549,12.0
7550,8.0
7551,19.0
7552,15.0
7553,19.0
7554,13.0
7555,14.0
7556,20.0
7557,17.0
7558,19.0
7559,21.0
7560,20.0
7561,27.0
7562,24.0
7563,24.0
7564,27.0
7565,33.0
7566,36.0
7567,10.0
7568,16.0
7569,27.0
7570,25.0
7571,21.0
7572,21.0
7573,35.0
7574,28.0
7575,32.0
7576,37.0
7577,16.0
7578,22.0
7579,34.0
7580,35.0
7581,20.0
7582,34.0
7583,24.0
7584,24.0
7585,31.0
7586,35.0
7587,61.0
7588,62.0
7589,66.0
7590,59.0
7591,58.0
7592,35.0
7593,38.0
7594,17.0
7595,17.0
7596,39.0
7597,32.0
7598,22.0
7599,25.0
7600,23.0
7601,27.0
7602,30.0
7603,32.0
7604,23.0
7605,41.0
7606,23.0
7607,29.0
7608,29.0
7609,25.0
7610,25.0
7611,40.0
7612,49.0
7613,33.0
7614,32.0
7615,45.0
7616,61.0
7617,59.0
7618,63.0
7619,49.0
7620,43.0
7621,42.0
7622,35.0
7623,47.0
7624,57.0
7625,46.0
7626,68.0
7627,52.0
7628,35.0
7629,51.0
7630,45.0
7631,62.0
7632,61.0
7633,44.0
7634,44.0
7635,42.0
7636,41.0
7637,32.0
7638,32.0
7639,35.0
7640,36.0
7641,40.0
7642,40.0
7643,51.0
7644,52.0
7645,60.0
7646,66.0
7647,70.0
7648,79.0
7649,88.0
7650,109.0
7651,70.0
7652,57.0
7653,64.0
7654,45.0
7655,37.0
7656,38.0
7657,45.0
7658,35.0
7659,20.0
7660,18.0
7661,18.0
7662,15.0
7663,18.0
7664,23.0
7665,12.0
7666,19.0
7667,15.0
7668,11.0
7669,16.0
7670,21.0
7671,16.0
7672,14.0
7673,29.0
7674,27.0
7675,40.0
7676,48.0
7677,41.0
7678,46.0
7679,41.0
7680,42.0
7681,61.0
7682,50.0
7683,58.0
7684,87.0
7685,92.0
7686,84.0
7687,67.0
7688,76.0
7689,56.0
7690,67.0
7691,48.0
7692,52.0
7693,29.0
7694,24.0
7695,27.0
7696,19.0
7697,22.0
7698,23.0
7699,26.0
7700,28.0
7701,19.0
7702,22.0
7703,21.0
7704,36.0
7705,37.0
7706,40.0
7707,46.0
7708,67.0
7709,49.0
7710,46.0
7711,69.0
7712,71.0
7713,63.0
7714,46.0
7715,81.0
7716,52.0
7717,62.0
7718,46.0
7719,32.0
7720,30.0
7721,13.0
7722,13.0
7723,11.0
7724,20.0
7725,14.0
7726,18.0
7727,33.0
7728,24.0
7729,30.0
7730,24.0
7731,24.0
7732,33.0
7733,32.0
7734,48.0
7735,45.0
7736,45.0
7737,50.0
7738,51.0
7739,37.0
7740,39.0
7741,58.0
7742,61.0
7743,54.0
7744,54.0
7745,46.0
7746,47.0
7747,38.0
7748,46.0
7749,21.0
7750,35.0
7751,25.0
7752,35.0
7753,42.0
7754,33.0
7755,40.0
7756,25.0
7757,32.0
7758,28.0
7759,33.0
7760,37.0
7761,24.0
7762,14.0
7763,31.0
7764,38.0
7765,31.0
7766,25.0
7767,17.0
7768,27.0
7769,22.0
7770,26.0
7771,38.0
7772,41.0
7773,48.0
7774,33.0
7775,29.0
7776,35.0
7777,44.0
7778,41.0
7779,46.0
7780,53.0
7781,58.0
7782,48.0
7783,41.0
7784,44.0
7785,32.0
7786,35.0
7787,28.0
7788,25.0
7789,25.0
7790,14.0
7791,18.0
7792,32.0
7793,29.0
7794,31.0
7795,55.0
7796,72.0
7797,72.0
7798,70.0
7799,60.0
7800,69.0
7801,40.0
7802,57.0
7803,54.0
7804,35.0
7805,45.0
7806,28.0
7807,26.0
7808,23.0
7809,29.0
7810,30.0
7811,18.0
7812,23.0
7813,11.0
7814,11.0
7815,19.0
7816,12.0
7817,12.0
7818,15.0
7819,18.0
7820,11.0
7821,20.0
7822,18.0
7823,20.0
7824,17.0
7825,26.0
7826,31.0
7827,36.0
7828,43.0
7829,42.0
7830,52.0
7831,45.0
7832,62.0
7833,57.0
7834,41.0
7835,73.0
7836,74.0
7837,52.0
7838,54.0
7839,38.0
7840,38.0
7841,45.0
7842,39.0
7843,40.0
7844,17.0
7845,22.0
7846,21.0
7847,17.0
7848,20.0
7849,15.0
7850,31.0
7851,13.0
7852,29.0
7853,29.0
7854,32.0
7855,32.0
7856,38.0
7857,32.0
7858,28.0
7859,32.0
7860,29.0
7861,34.0
7862,50.0
7863,25.0
7864,18.0
7865,42.0
7866,37.0
7867,51.0
7868,53.0
7869,64.0
7870,52.0
7871,35.0
7872,50.0
7873,54.0
7874,26.0
7875,39.0
7876,32.0
7877,22.0
7878,17.0
7879,24.0
7880,16.0
7881,12.0
7882,7.0
7883,3.0
7884,11.0
7885,8.0
7886,15.0
7887,10.0
7888,17.0
7889,25.0
7890,29.0
7891,31.0
7892,21.0
7893,20.0
7894,19.0
7895,17.0
7896,21.0
7897,16.0
7898,20.0
7899,18.0
7900,17.0
7901,24.0
7902,29.0
7903,32.0
7904,25.0
7905,26.0
7906,31.0
7907,33.0
7908,15.0
7909,16.0
7910,20.0
7911,25.0
7912,22.0
7913,46.0
7914,45.0
7915,42.0
7916,44.0
7917,73.0
7918,76.0
7919,61.0
7920,77.0
7921,83.0
7922,85.0
7923,85.0
7924,73.0
7925,98.0
7926,74.0
7927,65.0
7928,38.0
7929,45.0
7930,31.0
7931,26.0
7932,29.0
7933,26.0
7934,38.0
7935,25.0
7936,30.0
7937,40.0
7938,37.0
7939,24.0
7940,22.0
7941,22.0
7942,30.0
7943,35.0
7944,36.0
7945,36.0
7946,68.0
7947,45.0
7948,44.0
7949,66.0
7950,56.0
7951,45.0
7952,73.0
7953,90.0
7954,67.0
7955,67.0
7956,59.0
7957,52.0
7958,74.0
7959,92.0
7960,79.0
7961,44.0
7962,33.0
7963,51.0
7964,72.0
7965,49.0
7966,47.0
7967,57.0
7968,40.0
7969,17.0
7970,17.0
7971,18.0
7972,19.0
7973,19.0
7974,17.0
7975,18.0
7976,18.0
7977,14.0
7978,10.0
7979,18.0
7980,11.0
7981,11.0
7982,16.0
7983,22.0
7984,17.0
7985,22.0
7986,18.0
7987,37.0
7988,68.0
7989,71.0
7990,61.0
7991,59.0
7992,65.0
7993,75.0
7994,57.0
7995,67.0
7996,46.0
7997,26.0
7998,30.0
7999,31.0
8000,17.0
8001,29.0
8002,22.0
8003,10.0
8004,9.0
8005,13.0
8006,14.0
8007,9.0
8008,15.0
8009,11.0
8010,17.0
8011,16.0
8012,13.0
8013,8.0
8014,13.0
8015,13.0
8016,20.0
8017,26.0
8018,31.0
8019,29.0
8020,28.0
8021,33.0
8022,18.0
8023,33.0
8024,42.0
8025,41.0
8026,33.0
8027,57.0
8028,55.0
8029,61.0
8030,50.0
8031,54.0
8032,53.0
8033,68.0
8034,75.0
8035,102.0
8036,87.0
8037,107.0
8038,104.0
8039,74.0
8040,72.0
8041,69.0
8042,69.0
8043,81.0
8044,106.0
8045,81.0
8046,79.0
8047,46.0
8048,42.0
8049,47.0
8050,71.0
8051,55.0
8052,60.0
8053,63.0
8054,43.0
8055,64.0
8056,83.0
8057,49.0
8058,45.0
8059,31.0
8060,46.0
8061,24.0
8062,27.0
8063,25.0
8064,18.0
8065,9.0
8066,17.0
8067,15.0
8068,27.0
8069,16.0
8070,24.0
8071,22.0
8072,19.0
8073,15.0
8074,14.0
8075,10.0
8076,16.0
8077,9.0
8078,20.0
8079,15.0
8080,14.0
8081,28.0
8082,32.0
8083,39.0
8084,36.0
8085,35.0
8086,57.0
8087,35.0
8088,20.0
8089,26.0
8090,25.0
8091,27.0
8092,9.0
8093,21.0
8094,24.0
8095,23.0
8096,23.0
8097,19.0
8098,23.0
8099,27.0
8100,37.0
8101,32.0
8102,35.0
8103,34.0
8104,19.0
8105,17.0
8106,16.0
8107,16.0
8108,23.0
8109,22.0
8110,26.0
8111,22.0
8112,34.0
8113,36.0
8114,33.0
8115,15.0
8116,26.0
8117,27.0
8118,31.0
8119,29.0
8120,35.0
8121,36.0
8122,39.0
8123,50.0
8124,40.0
8125,62.0
8126,62.0
8127,56.0
8128,85.0
8129,60.0
8130,63.0
8131,51.0
8132,43.0
8133,51.0
8134,60.0
8135,58.0
8136,41.0
8137,37.0
8138,24.0
8139,40.0
8140,48.0
8141,32.0
8142,50.0
8143,65.0
8144,55.0
8145,59.0
8146,40.0
8147,61.0
8148,83.0
8149,82.0
8150,73.0
8151,70.0
8152,50.0
8153,63.0
8154,88.0
8155,61.0
8156,43.0
8157,35.0
8158,40.0
8159,50.0
8160,25.0
8161,40.0
8162,28.0
8163,30.0
8164,37.0
8165,31.0
8166,47.0
8167,48.0
8168,54.0
8169,55.0
8170,54.0
8171,46.0
8172,36.0
8173,29.0
8174,39.0
8175,35.0
8176,34.0
8177,56.0
8178,52.0
8179,54.0
8180,32.0
8181,36.0
8182,37.0
8183,33.0
8184,34.0
8185,47.0
8186,71.0
8187,47.0
8188,51.0
8189,53.0
8190,52.0
8191,45.0
8192,53.0
8193,44.0
8194,33.0
8195,40.0
8196,45.0
8197,38.0
8198,43.0
8199,44.0
8200,33.0
8201,30.0
8202,30.0
8203,23.0
8204,28.0
8205,27.0
8206,27.0
8207,27.0
8208,30.0
8209,31.0
8210,19.0
8211,22.0
8212,32.0
8213,47.0
8214,52.0
8215,43.0
8216,37.0
8217,42.0
8218,33.0
8219,29.0
8220,58.0
8221,34.0
8222,35.0
8223,34.0
8224,36.0
8225,38.0
8226,27.0
8227,20.0
8228,25.0
8229,21.0
8230,11.0
8231,22.0
8232,22.0
8233,20.0
8234,13.0
8235,21.0
8236,11.0
8237,12.0
8238,12.0
8239,20.0
8240,15.0
8241,19.0
8242,19.0
8243,34.0
8244,36.0
8245,46.0
8246,45.0
8247,27.0
8248,32.0
8249,29.0
8250,36.0
8251,44.0
8252,39.0
8253,45.0
8254,39.0
8255,33.0
8256,23.0
8257,34.0
8258,28.0
8259,34.0
8260,29.0
8261,37.0
8262,40.0
8263,46.0
8264,47.0
8265,35.0
8266,27.0
8267,20.0
8268,29.0
8269,18.0
8270,21.0
8271,17.0
8272,19.0
8273,32.0
8274,24.0
8275,24.0
8276,20.0
8277,24.0
8278,18.0
8279,31.0
8280,32.0
8281,30.0
8282,22.0
8283,20.0
8284,17.0
8285,29.0
8286,36.0
8287,22.0
8288,29.0
8289,40.0
8290,28.0
8291,18.0
8292,23.0
8293,24.0
8294,21.0
8295,26.0
8296,22.0
8297,33.0
8298,40.0
8299,28.0
8300,36.0
8301,23.0
8302,30.0
8303,30.0
8304,35.0
8305,35.0
8306,48.0
8307,69.0
8308,90.0
8309,50.0
8310,49.0
8311,52.0
8312,57.0
8313,41.0
8314,31.0
8315,38.0
8316,25.0
8317,21.0
8318,15.0
8319,15.0
8320,19.0
8321,15.0
8322,16.0
8323,14.0
8324,13.0
8325,15.0
8326,18.0
8327,14.0
8328,19.0
8329,10.0
8330,14.0
8331,28.0
8332,45.0
8333,45.0
8334,43.0
8335,62.0
8336,38.0
8337,35.0
8338,27.0
8339,33.0
8340,40.0
8341,56.0
8342,51.0
8343,40.0
8344,30.0
8345,50.0
8346,33.0
8347,31.0
8348,45.0
8349,20.0
8350,19.0
8351,34.0
8352,18.0
8353,15.0
8354,9.0
8355,19.0
8356,21.0
8357,25.0
8358,27.0
8359,33.0
8360,44.0
8361,49.0
8362,45.0
8363,45.0
8364,48.0
8365,80.0
8366,79.0
8367,86.0
8368,91.0
8369,104.0
8370,94.0
8371,103.0
8372,109.0
8373,86.0
8374,76.0
8375,47.0
8376,50.0
8377,47.0
8378,28.0
8379,25.0
8380,30.0
8381,20.0
8382,15.0
8383,10.0
8384,11.0
8385,17.0
8386,10.0
8387,10.0
8388,11.0
8389,15.0
8390,8.0
8391,13.0
8392,12.0
8393,21.0
8394,15.0
8395,29.0
8396,58.0
8397,47.0
8398,72.0
8399,76.0
8400,99.0
8401,81.0
8402,96.0
8403,94.0
8404,131.0
8405,107.0
8406,136.0
8407,139.0
8408,111.0
8409,96.0
8410,55.0
8411,58.0
8412,41.0
8413,54.0
8414,35.0
8415,36.0
8416,44.0
8417,39.0
8418,20.0
8419,20.0
8420,29.0
8421,31.0
8422,29.0
8423,18.0
8424,33.0
8425,21.0
8426,34.0
8427,19.0
8428,34.0
8429,45.0
8430,33.0
8431,50.0
8432,46.0
8433,46.0
8434,28.0
8435,36.0
8436,29.0
8437,37.0
8438,43.0
8439,71.0
8440,63.0
8441,24.0
8442,31.0
8443,19.0
8444,27.0
8445,30.0
8446,45.0
8447,32.0
8448,23.0
8449,44.0
8450,36.0
8451,41.0
8452,42.0
8453,26.0
8454,36.0
8455,32.0
8456,42.0
8457,39.0
8458,47.0
8459,54.0
8460,35.0
8461,37.0
8462,26.0
8463,47.0
8464,76.0
8465,51.0
8466,45.0
8467,45.0
8468,61.0
8469,34.0
8470,42.0
8471,44.0
8472,44.0
8473,24.0
8474,26.0
8475,31.0
8476,24.0
8477,31.0
8478,21.0
8479,27.0
8480,29.0
8481,20.0
8482,41.0
8483,48.0
8484,41.0
8485,58.0
8486,59.0
8487,50.0
8488,47.0
8489,42.0
8490,48.0
8491,47.0
8492,51.0
8493,33.0
8494,56.0
8495,46.0
8496,42.0
8497,41.0
8498,32.0
8499,32.0
8500,22.0
8501,25.0
8502,23.0
8503,31.0
8504,36.0
8505,54.0
8506,37.0
8507,40.0
8508,24.0
8509,34.0
8510,27.0
8511,34.0
8512,39.0
8513,32.0
8514,40.0
8515,47.0
8516,63.0
8517,23.0
8518,51.0
8519,73.0
8520,44.0
8521,27.0
8522,37.0
8523,40.0
8524,40.0
8525,54.0
8526,24.0
8527,35.0
8528,31.0
8529,29.0
8530,24.0
8531,43.0
8532,38.0
8533,37.0
8534,32.0
8535,24.0
8536,27.0
8537,32.0
8538,43.0
8539,49.0
8540,52.0
8541,52.0
8542,76.0
8543,59.0
8544,46.0
8545,36.0
8546,51.0
8547,30.0
8548,32.0
8549,66.0
8550,52.0
8551,70.0
8552,66.0
8553,42.0
8554,42.0
8555,31.0
8556,27.0
8557,27.0
8558,16.0
8559,18.0
8560,13.0
8561,15.0
8562,11.0
8563,11.0
8564,12.0
8565,16.0
8566,25.0
8567,26.0
8568,20.0
8569,11.0
8570,24.0
8571,22.0
8572,26.0
8573,27.0
8574,29.0
8575,34.0
8576,42.0
8577,24.0
8578,26.0
8579,33.0
8580,36.0
8581,19.0
8582,41.0
8583,61.0
8584,49.0
8585,31.0
8586,39.0
8587,54.0
8588,43.0
8589,27.0
8590,40.0
8591,44.0
8592,26.0
8593,34.0
8594,36.0
8595,30.0
8596,25.0
8597,29.0
8598,43.0
8599,28.0
8600,22.0
8601,28.0
8602,23.0
8603,31.0
8604,28.0
8605,31.0
8606,26.0
8607,16.0
8608,29.0
8609,33.0
8610,34.0
8611,32.0
8612,69.0
8613,61.0
8614,54.0
8615,49.0
8616,51.0
8617,41.0
8618,42.0
8619,40.0
8620,25.0
8621,25.0
8622,18.0
8623,13.0
8624,9.0
8625,21.0
8626,17.0
8627,16.0
8628,16.0
8629,13.0
8630,19.0
8631,19.0
8632,10.0
8633,18.0
8634,18.0
8635,24.0
8636,18.0
8637,29.0
8638,33.0
8639,40.0
8640,45.0
8641,55.0
8642,56.0
8643,66.0
8644,67.0
8645,49.0
8646,39.0
8647,52.0
8648,47.0
8649,41.0
8650,45.0
8651,36.0
8652,40.0
8653,29.0
8654,46.0
8655,29.0
8656,34.0
8657,31.0
8658,41.0
8659,38.0
8660,50.0
8661,57.0
8662,24.0
8663,27.0
8664,16.0
8665,6.0
8666,14.0
8667,33.0
8668,28.0
8669,23.0
8670,28.0
8671,20.0
8672,32.0
8673,32.0
8674,38.0
8675,46.0
8676,50.0
8677,46.0
8678,59.0
8679,60.0
8680,57.0
8681,42.0
8682,24.0
8683,25.0
8684,28.0
8685,35.0
8686,21.0
8687,25.0
8688,20.0
8689,34.0
8690,20.0
8691,16.0
8692,18.0
8693,20.0
8694,29.0
8695,35.0
8696,31.0
8697,36.0
8698,28.0
8699,31.0
8700,41.0
8701,38.0
8702,55.0
8703,40.0
8704,51.0
8705,40.0
8706,59.0
8707,78.0
8708,66.0
8709,48.0
8710,34.0
8711,27.0
8712,13.0
8713,17.0
8714,11.0
8715,22.0
8716,18.0
8717,20.0
8718,19.0
8719,24.0
8720,15.0
8721,15.0
8722,20.0
8723,16.0
8724,31.0
8725,29.0
8726,20.0
8727,28.0
8728,22.0
8729,41.0
8730,25.0
8731,20.0
8732,24.0
8733,21.0
8734,22.0
8735,36.0
8736,35.0
8737,36.0
8738,48.0
8739,32.0
8740,27.0
8741,31.0
8742,24.0
8743,25.0
8744,42.0
8745,39.0
8746,34.0
8747,40.0
8748,41.0
8749,38.0
8750,42.0
8751,53.0
8752,45.0
8753,48.0
8754,41.0
8755,26.0
8756,22.0
8757,11.0
8758,23.0
8759,23.0
8760,19.0
8761,27.0
8762,21.0
8763,28.0
8764,21.0
8765,26.0
8766,22.0
8767,17.0
8768,23.0
8769,42.0
8770,37.0
8771,22.0
8772,26.0
8773,23.0
8774,26.0
8775,23.0
8776,24.0
8777,10.0
8778,16.0
8779,8.0
8780,10.0
8781,8.0
8782,10.0
8783,10.0
8784,19.0
8785,20.0
8786,21.0
8787,16.0
8788,28.0
8789,35.0
8790,32.0
8791,38.0
8792,34.0
8793,44.0
8794,49.0
8795,62.0
8796,51.0
8797,49.0
8798,38.0
8799,35.0
8800,42.0
8801,44.0
8802,56.0
8803,53.0
8804,63.0
8805,37.0
8806,37.0
8807,26.0
8808,31.0
8809,34.0
8810,37.0
8811,38.0
8812,44.0
8813,46.0
8814,48.0
8815,34.0
8816,29.0
8817,29.0
8818,38.0
8819,36.0
8820,36.0
8821,24.0
8822,32.0
8823,52.0
8824,50.0
8825,45.0
8826,53.0
8827,42.0
8828,45.0
8829,41.0
8830,43.0
8831,53.0
8832,61.0
8833,87.0
8834,86.0
8835,72.0
8836,62.0
8837,46.0
8838,37.0
8839,26.0
8840,31.0
8841,16.0
8842,24.0
8843,33.0
8844,30.0
8845,27.0
8846,27.0
8847,30.0
8848,27.0
8849,17.0
8850,25.0
8851,32.0
8852,37.0
8853,38.0
8854,31.0
8855,35.0
8856,41.0
8857,57.0
8858,27.0
8859,48.0
8860,43.0
8861,55.0
8862,58.0
8863,37.0
8864,30.0
8865,36.0
8866,26.0
8867,27.0
8868,23.0
8869,26.0
8870,25.0
8871,17.0
8872,15.0
8873,7.0
8874,7.0
8875,11.0
8876,10.0
8877,26.0
8878,17.0
8879,22.0
8880,29.0
8881,22.0
8882,12.0
8883,19.0
8884,22.0
8885,26.0
8886,16.0
8887,22.0
8888,16.0
8889,23.0
8890,25.0
8891,68.0
8892,40.0
8893,36.0
8894,25.0
8895,36.0
8896,21.0
8897,17.0
8898,26.0
8899,25.0
8900,19.0
8901,35.0
8902,39.0
8903,36.0
8904,23.0
8905,37.0
8906,40.0
8907,37.0
8908,15.0
8909,29.0
8910,32.0
8911,27.0
8912,33.0
8913,39.0
8914,34.0
8915,33.0
8916,31.0
8917,33.0
8918,22.0
8919,46.0
8920,43.0
8921,52.0
8922,51.0
8923,41.0
8924,54.0
8925,38.0
8926,14.0
8927,29.0
8928,36.0
8929,19.0
8930,20.0
8931,14.0
8932,30.0
8933,29.0
8934,45.0
8935,46.0
8936,38.0
8937,40.0
8938,34.0
8939,34.0
8940,31.0
8941,29.0
8942,24.0
8943,33.0
8944,26.0
8945,27.0
8946,41.0
8947,43.0
8948,34.0
8949,62.0
8950,60.0
8951,55.0
8952,49.0
8953,49.0
8954,50.0
8955,55.0
8956,66.0
8957,78.0
8958,71.0
8959,56.0
8960,58.0
8961,69.0
8962,93.0
8963,83.0
8964,52.0
8965,77.0
8966,66.0
8967,73.0
8968,77.0
8969,54.0
8970,44.0
8971,39.0
8972,36.0
8973,29.0
8974,32.0
8975,25.0
8976,20.0
8977,18.0
8978,25.0
8979,17.0
8980,17.0
8981,16.0
8982,17.0
8983,33.0
8984,29.0
8985,44.0
8986,36.0
8987,46.0
8988,51.0
8989,31.0
8990,54.0
8991,46.0
8992,62.0
8993,44.0
8994,31.0
8995,58.0
8996,40.0
8997,41.0
8998,35.0
8999,39.0
9000,50.0
9001,46.0
9002,33.0
9003,52.0
9004,45.0
9005,38.0
9006,35.0
9007,23.0
9008,55.0
9009,47.0
9010,32.0
9011,28.0
9012,36.0
9013,25.0
9014,11.0
9015,17.0
9016,15.0
9017,22.0
9018,18.0
9019,14.0
9020,8.0
9021,14.0
9022,22.0
9023,20.0
9024,32.0
9025,40.0
9026,74.0
9027,79.0
9028,67.0
9029,73.0
9030,64.0
9031,64.0
9032,57.0
9033,61.0
9034,54.0
9035,56.0
9036,71.0
9037,55.0
9038,56.0
9039,53.0
9040,33.0
9041,31.0
9042,24.0
9043,28.0
9044,16.0
9045,29.0
9046,15.0
9047,31.0
9048,24.0
9049,24.0
9050,13.0
9051,17.0
9052,13.0
9053,26.0
9054,23.0
9055,25.0
9056,33.0
9057,25.0
9058,23.0
9059,23.0
9060,35.0
9061,33.0
9062,30.0
9063,19.0
9064,28.0
9065,41.0
9066,54.0
9067,47.0
9068,61.0
9069,95.0
9070,54.0
9071,36.0
9072,40.0
9073,31.0
9074,21.0
9075,21.0
9076,19.0
9077,24.0
9078,26.0
9079,26.0
9080,16.0
9081,16.0
9082,18.0
9083,14.0
9084,14.0
9085,19.0
9086,26.0
9087,33.0
9088,37.0
9089,33.0
9090,29.0
9091,43.0
9092,38.0
9093,28.0
9094,49.0
9095,66.0
9096,73.0
9097,93.0
9098,80.0
9099,65.0
9100,48.0
9101,56.0
9102,30.0
9103,43.0
9104,27.0
9105,21.0
9106,22.0
9107,22.0
9108,27.0
9109,24.0
9110,23.0
9111,15.0
9112,14.0
9113,18.0
9114,16.0
9115,26.0
9116,28.0
9117,34.0
9118,47.0
9119,52.0
9120,55.0
9121,55.0
9122,42.0
9123,57.0
9124,40.0
9125,86.0
9126,77.0
9127,92.0
9128,78.0
9129,60.0
9130,62.0
9131,61.0
9132,47.0
9133,41.0
9134,41.0
9135,35.0
9136,39.0
9137,53.0
9138,57.0
9139,37.0
9140,31.0
9141,23.0
9142,24.0
9143,20.0
9144,26.0
9145,27.0
9146,24.0
9147,18.0
9148,14.0
9149,23.0
9150,47.0
9151,51.0
9152,54.0
9153,79.0
9154,79.0
9155,40.0
9156,58.0
9157,67.0
9158,62.0
9159,69.0
9160,70.0
9161,63.0
9162,65.0
9163,48.0
9164,67.0
9165,47.0
9166,38.0
9167,48.0
9168,31.0
9169,26.0
9170,12.0
9171,11.0
9172,15.0
9173,17.0
9174,16.0
9175,15.0
9176,19.0
9177,12.0
9178,19.0
9179,14.0
9180,5.0
9181,12.0
9182,21.0
9183,24.0
9184,32.0
9185,25.0
9186,24.0
9187,50.0
9188,42.0
9189,65.0
9190,65.0
9191,59.0
9192,35.0
9193,40.0
9194,52.0
9195,49.0
9196,56.0
9197,43.0
9198,23.0
9199,40.0
9200,33.0
9201,22.0
9202,16.0
9203,27.0
9204,25.0
9205,30.0
9206,19.0
9207,23.0
9208,41.0
9209,36.0
9210,26.0
9211,34.0
9212,24.0
9213,27.0
9214,42.0
9215,92.0
9216,101.0
9217,101.0
9218,103.0
9219,75.0
9220,74.0
9221,68.0
9222,57.0
9223,50.0
9224,60.0
9225,46.0
9226,33.0
9227,23.0
9228,33.0
9229,31.0
9230,38.0
9231,32.0
9232,27.0
9233,39.0
9234,32.0
9235,24.0
9236,15.0
9237,27.0
9238,19.0
9239,31.0
9240,26.0
9241,18.0
9242,21.0
9243,42.0
9244,31.0
9245,42.0
9246,51.0
9247,44.0
9248,31.0
9249,42.0
9250,61.0
9251,51.0
9252,47.0
9253,45.0
9254,42.0
9255,31.0
9256,26.0
9257,15.0
9258,33.0
9259,26.0
9260,20.0
9261,30.0
9262,29.0
9263,25.0
9264,33.0
9265,24.0
9266,26.0
9267,38.0
9268,55.0
9269,56.0
9270,39.0
9271,51.0
9272,49.0
9273,48.0
9274,62.0
9275,80.0
9276,108.0
9277,75.0
9278,38.0
9279,59.0
9280,66.0
9281,95.0
9282,121.0
9283,81.0
9284,76.0
9285,70.0
9286,98.0
9287,89.0
9288,87.0
9289,57.0
9290,37.0
9291,50.0
9292,34.0
9293,31.0
9294,16.0
9295,17.0
9296,18.0
9297,17.0
9298,16.0
9299,25.0
9300,18.0
9301,37.0
9302,34.0
9303,31.0
9304,38.0
9305,57.0
9306,28.0
9307,59.0
9308,42.0
9309,30.0
9310,29.0
9311,35.0
9312,59.0
9313,52.0
9314,78.0
9315,62.0
9316,44.0
9317,55.0
9318,34.0
9319,20.0
9320,30.0
9321,26.0
9322,34.0
9323,31.0
9324,25.0
9325,38.0
9326,41.0
9327,14.0
9328,18.0
9329,9.0
9330,26.0
9331,25.0
9332,18.0
9333,9.0
9334,23.0
9335,22.0
9336,23.0
9337,22.0
9338,16.0
9339,19.0
9340,21.0
9341,40.0
9342,36.0
9343,43.0
9344,51.0
9345,57.0
9346,67.0
9347,86.0
9348,77.0
9349,65.0
9350,81.0
9351,69.0
9352,77.0
9353,58.0
9354,49.0
9355,48.0
9356,29.0
9357,31.0
9358,33.0
9359,51.0
9360,28.0
9361,17.0
9362,15.0
9363,18.0
9364,12.0
9365,37.0
9366,24.0
9367,42.0
9368,16.0
9369,23.0
9370,22.0
9371,11.0
9372,33.0
9373,43.0
9374,33.0
9375,40.0
9376,35.0
9377,52.0
9378,48.0
9379,60.0
9380,39.0
9381,38.0
9382,34.0
9383,29.0
9384,27.0
9385,27.0
9386,21.0
9387,29.0
9388,13.0
9389,20.0
9390,20.0
9391,15.0
9392,20.0
9393,18.0
9394,20.0
9395,32.0
9396,37.0
9397,26.0
9398,20.0
9399,25.0
9400,11.0
9401,17.0
9402,24.0
9403,43.0
9404,32.0
9405,43.0
9406,77.0
9407,103.0
9408,94.0
9409,100.0
9410,85.0
9411,59.0
9412,27.0
9413,33.0
9414,29.0
9415,48.0
9416,41.0
9417,55.0
9418,62.0
9419,46.0
9420,56.0
9421,33.0
9422,36.0
9423,22.0
9424,26.0
9425,36.0
9426,34.0
9427,30.0
9428,48.0
9429,45.0
9430,48.0
9431,49.0
9432,49.0
9433,43.0
9434,48.0
9435,48.0
9436,33.0
9437,38.0
9438,40.0
9439,30.0
9440,43.0
9441,44.0
9442,36.0
9443,27.0
9444,36.0
9445,34.0
9446,47.0
9447,81.0
9448,69.0
9449,109.0
9450,73.0
9451,62.0
9452,33.0
9453,27.0
9454,18.0
9455,22.0
9456,24.0
9457,23.0
9458,23.0
9459,11.0
9460,14.0
9461,9.0
9462,7.0
9463,16.0
9464,18.0
9465,24.0
9466,24.0
9467,38.0
9468,29.0
9469,26.0
9470,36.0
9471,15.0
9472,19.0
9473,28.0
9474,46.0
9475,35.0
9476,41.0
9477,38.0
9478,40.0
9479,35.0
9480,20.0
9481,18.0
9482,43.0
9483,28.0
9484,18.0
9485,16.0
9486,29.0
9487,19.0
9488,21.0
9489,22.0
9490,19.0
9491,26.0
9492,27.0
9493,26.0
9494,23.0
9495,30.0
9496,33.0
9497,24.0
9498,15.0
9499,26.0
9500,26.0
9501,39.0
9502,68.0
9503,64.0
9504,41.0
9505,43.0
9506,59.0
9507,52.0
9508,40.0
9509,26.0
9510,16.0
9511,31.0
9512,35.0
9513,21.0
9514,25.0
9515,21.0
9516,43.0
9517,41.0
9518,36.0
9519,32.0
9520,18.0
9521,23.0
9522,29.0
9523,30.0
9524,31.0
9525,21.0
9526,28.0
9527,25.0
9528,20.0
9529,28.0
9530,41.0
9531,45.0
9532,56.0
9533,63.0
9534,50.0
9535,47.0
9536,78.0
9537,45.0
9538,55.0
9539,87.0
9540,98.0
9541,45.0
9542,54.0
9543,48.0
9544,64.0
9545,65.0
9546,54.0
9547,35.0
9548,37.0
9549,32.0
9550,29.0
9551,23.0
9552,20.0
9553,15.0
9554,7.0
9555,30.0
9556,36.0
9557,36.0
9558,27.0
9559,36.0
9560,24.0
9561,34.0
9562,39.0
9563,39.0
9564,30.0
9565,42.0
9566,47.0
9567,25.0
9568,38.0
9569,31.0
9570,39.0
9571,73.0
9572,63.0
9573,39.0
9574,41.0
9575,53.0
9576,39.0
9577,42.0
9578,48.0
9579,49.0
9580,53.0
9581,49.0
9582,50.0
9583,40.0
9584,59.0
9585,47.0
9586,51.0
9587,38.0
9588,21.0
9589,32.0
9590,25.0
9591,36.0
9592,19.0
9593,18.0
9594,35.0
9595,31.0
9596,52.0
9597,48.0
9598,55.0
9599,51.0
9600,56.0
9601,47.0
9602,68.0
9603,53.0
9604,49.0
9605,58.0
9606,60.0
9607,36.0
9608,38.0
9609,33.0
9610,37.0
9611,41.0
9612,23.0
9613,43.0
9614,38.0
9615,31.0
9616,21.0
9617,27.0
9618,38.0
9619,28.0
9620,37.0
9621,21.0
9622,25.0
9623,32.0
9624,36.0
9625,35.0
9626,34.0
9627,38.0
9628,35.0
9629,36.0
9630,28.0
9631,27.0
9632,17.0
9633,26.0
9634,10.0
9635,22.0
9636,23.0
9637,29.0
9638,22.0
9639,21.0
9640,28.0
9641,36.0
9642,51.0
9643,32.0
9644,26.0
9645,27.0
9646,30.0
9647,19.0
9648,33.0
9649,25.0
9650,40.0
9651,34.0
9652,29.0
9653,43.0
9654,46.0
9655,26.0
9656,24.0
9657,22.0
9658,34.0
9659,15.0
9660,18.0
9661,14.0
9662,18.0
9663,16.0
9664,23.0
9665,23.0
9666,23.0
9667,8.0
9668,17.0
9669,32.0
9670,33.0
9671,20.0
9672,34.0
9673,20.0
9674,33.0
9675,35.0
9676,105.0
9677,68.0
9678,52.0
9679,55.0
9680,39.0
9681,39.0
9682,45.0
9683,44.0
9684,65.0
9685,69.0
9686,64.0
9687,69.0
9688,64.0
9689,49.0
9690,31.0
9691,36.0
9692,27.0
9693,13.0
9694,21.0
9695,17.0
9696,21.0
9697,19.0
9698,24.0
9699,27.0
9700,18.0
9701,23.0
9702,28.0
9703,20.0
9704,18.0
9705,21.0
9706,18.0
9707,41.0
9708,52.0
9709,49.0
9710,25.0
9711,29.0
9712,33.0
9713,40.0
9714,49.0
9715,48.0
9716,39.0
9717,46.0
9718,43.0
9719,39.0
9720,65.0
9721,39.0
9722,44.0
9723,55.0
9724,64.0
9725,55.0
9726,39.0
9727,48.0
9728,47.0
9729,61.0
9730,39.0
9731,41.0
9732,37.0
9733,47.0
9734,22.0
9735,22.0
9736,16.0
9737,8.0
9738,16.0
9739,19.0
9740,16.0
9741,18.0
9742,23.0
9743,30.0
9744,30.0
9745,24.0
9746,25.0
9747,36.0
9748,44.0
9749,61.0
9750,43.0
9751,35.0
9752,32.0
9753,27.0
9754,51.0
9755,53.0
9756,46.0
9757,51.0
9758,57.0
9759,56.0
9760,53.0
9761,51.0
9762,38.0
9763,25.0
9764,52.0
9765,32.0
9766,23.0
9767,23.0
9768,27.0
9769,23.0
9770,21.0
9771,36.0
9772,26.0
9773,24.0
9774,23.0
9775,19.0
9776,25.0
9777,21.0
9778,22.0
9779,30.0
9780,17.0
9781,18.0
9782,23.0
9783,10.0
9784,27.0
9785,17.0
9786,21.0
9787,26.0
9788,23.0
9789,30.0
9790,27.0
9791,30.0
9792,38.0
9793,24.0
9794,29.0
9795,18.0
9796,21.0
9797,27.0
9798,21.0
9799,34.0
9800,25.0
9801,27.0
9802,39.0
9803,42.0
9804,48.0
9805,54.0
9806,61.0
9807,49.0
9808,71.0
9809,50.0
9810,54.0
9811,37.0
9812,29.0
9813,28.0
9814,26.0
9815,26.0
9816,45.0
9817,20.0
9818,16.0
9819,14.0
9820,13.0
9821,16.0
9822,21.0
9823,25.0
9824,26.0
9825,26.0
9826,32.0
9827,31.0
9828,30.0
9829,34.0
9830,50.0
9831,61.0
9832,56.0
9833,48.0
9834,39.0
9835,83.0
9836,65.0
9837,47.0
9838,45.0
9839,39.0
9840,51.0
9841,47.0
9842,49.0
9843,51.0
9844,39.0
9845,58.0
9846,36.0
9847,21.0
9848,33.0
9849,48.0
9850,23.0
9851,26.0
9852,29.0
9853,22.0
9854,23.0
9855,16.0
9856,11.0
9857,17.0
9858,20.0
9859,21.0
9860,29.0
9861,20.0
9862,24.0
9863,41.0
9864,39.0
9865,39.0
9866,44.0
9867,53.0
9868,68.0
9869,67.0
9870,83.0
9871,76.0
9872,103.0
9873,102.0
9874,120.0
9875,154.0
9876,142.0
9877,119.0
9878,76.0
9879,74.0
9880,69.0
9881,31.0
9882,31.0
9883,20.0
9884,32.0
9885,22.0
9886,17.0
9887,26.0
9888,16.0
9889,16.0
9890,13.0
9891,27.0
9892,22.0
9893,28.0
9894,27.0
9895,31.0
9896,29.0
9897,40.0
9898,45.0
9899,53.0
9900,64.0
9901,61.0
9902,47.0
9903,73.0
9904,65.0
9905,48.0
9906,40.0
9907,31.0
9908,38.0
9909,48.0
9910,48.0
9911,32.0
9912,20.0
9913,29.0
9914,14.0
9915,17.0
9916,17.0
9917,12.0
9918,15.0
9919,29.0
9920,17.0
9921,14.0
9922,10.0
9923,17.0
9924,10.0
9925,22.0
9926,14.0
9927,21.0
9928,31.0
9929,25.0
9930,46.0
9931,59.0
9932,62.0
9933,60.0
9934,77.0
9935,79.0
9936,70.0
9937,43.0
9938,56.0
9939,72.0
9940,86.0
9941,90.0
9942,62.0
9943,37.0
9944,40.0
9945,27.0
9946,23.0
9947,28.0
9948,30.0
9949,24.0
9950,16.0
9951,22.0
9952,17.0
9953,21.0
9954,22.0
9955,31.0
9956,35.0
9957,48.0
9958,49.0
9959,43.0
9960,34.0
9961,46.0
9962,44.0
9963,81.0
9964,45.0
9965,53.0
9966,46.0
9967,29.0
9968,37.0
9969,20.0
9970,17.0
9971,24.0
9972,21.0
9973,39.0
9974,21.0
9975,22.0
9976,25.0
9977,22.0
9978,14.0
9979,32.0
9980,21.0
9981,23.0
9982,14.0
9983,30.0
9984,24.0
9985,30.0
9986,12.0
9987,12.0
9988,15.0
9989,35.0
9990,27.0
9991,25.0
9992,27.0
9993,20.0
9994,24.0
9995,36.0
9996,29.0
9997,33.0
9998,30.0
9999,34.0
